{"payload":{"code":null,"context":null,"env_details":null,"fileName":"/rap/jvb-000-aa/COURS2019/etudiants/user11/Block3/ift6759-horoma/train_damic.py","git_meta":null,"gpu_static_info":null,"graph":null,"html":null,"htmlOverride":null,"installed_packages":null,"local_timestamp":1554323148029,"log_dependency":null,"log_other":null,"log_system_info":null,"metric":null,"offset":1,"os_packages":null,"param":null,"params":null,"stderr":null,"stdout":null},"type":"ws_msg"}
{"payload":{"code":"from comet_ml import OfflineExperiment\nimport json\nimport argparse\nfrom models.encoders import *\nfrom models.clustering import *\nfrom utils.utils import *\nfrom utils.damic_utils import *\nfrom utils.constants import Constants\nimport torch\nfrom data.dataset import LocalHoromaDataset\n\ndef main(datapath, configuration, config_key):\n    \"\"\"\n    :param datapath: path to the directory containing the samples\n    :param configuration: dictionnary containing all the keys/values part of the config_key json file\n    :param config_key: key of the configuration we have to load from the configuration file (Ex: DAMIC)\n    \"\"\" \n    device = 'cuda' if torch.cuda.is_available() else 'cpu'\n    \n    seed = configuration['seed']\n    _set_torch_seed(seed)\n\n    experiment = _set_comet_experiment(configuration, config_key)\n    \n    damic_model = DAMICClustering(17).to(device)\n\n    ae_pretrain_config = configuration['autoencoder_pretrain']\n    conv_net_pretrain_config = configuration['damic_conv_net_pretrain']\n    damic_autoencoders_pretrain_config = configuration['damic_autoencoders_pretrain']\n    train_subset = configuration['train_subset']\n    overlapped = configuration['overlapped']\n    damic_model, numpy_unla_train, numpy_unla_target_pred_by_cluster = execute_damic_pre_training(datapath, damic_model, train_subset,\n                                                                                                  overlapped, ae_pretrain_config,\n                                                                                                  conv_net_pretrain_config,\n                                                                                                  damic_autoencoders_pretrain_config,\n                                                                                                  experiment, seed)\n\n    execute_damic_training(damic_model, configuration, numpy_unla_train, numpy_unla_target_pred_by_cluster, device, experiment)\n    \ndef _set_torch_seed(seed):\n    np.random.seed(seed)\n    torch.manual_seed(seed)\n    torch.cuda.manual_seed_all(seed)\n    torch.backends.cudnn.benchmark = False\n    torch.backends.cudnn.deterministic = True\n    \ndef _set_comet_experiment(configuration, config_key):\n    experiment = OfflineExperiment(project_name='general',\n                                   workspace='benjaminbenoit',\n                                   offline_directory=\"damic_comet_experiences\")\n    experiment.set_name(config_key)\n    experiment.log_parameters(configuration)\n    return experiment\n\nif __name__ == '__main__':\n\n    parser = argparse.ArgumentParser()\n    parser.add_argument(\"--datapath\", type=str, default=Constants.DATAPATH,\n                        help=\"Path to dataset folder\")\n    parser.add_argument(\"--config\", type=str, default=\"DAMIC\", help=\"To select configuration from config.json\")\n    args = parser.parse_args()\n    config_key = args.config\n    datapath = args.datapath\n\n    with open(Constants.CONFIG_PATH, 'r') as f:\n        configuration = json.load(f)[config_key]\n\n    # Initiate experiment\n    main(datapath, configuration, config_key)\n","context":null,"env_details":null,"fileName":null,"git_meta":null,"gpu_static_info":null,"graph":null,"html":null,"htmlOverride":null,"installed_packages":null,"local_timestamp":1554323148238,"log_dependency":null,"log_other":null,"log_system_info":null,"metric":null,"offset":2,"os_packages":null,"param":null,"params":null,"stderr":null,"stdout":null},"type":"ws_msg"}
{"payload":{"code":null,"context":null,"env_details":null,"fileName":null,"git_meta":null,"gpu_static_info":null,"graph":null,"html":null,"htmlOverride":null,"installed_packages":["appdirs==1.4.3","asn1crypto==0.24.0","attrs==19.1.0","backcall==0.1.0","bleach==3.1.0","blessings==1.7","bokeh==1.0.4","certifi==2019.3.9","cffi==1.12.2","chardet==3.0.4","cloudpickle==0.8.0","comet-git-pure==0.19.11","comet-ml==1.0.49","conda==4.6.8","configobj==5.0.6","cryptography==2.6.1","cycler==0.10.0","cython==0.29.6","cytoolz==0.9.0.1","dask==1.1.4","decorator==4.4.0","defusedxml==0.5.0","easydict==1.9","entrypoints==0.3","everett==1.0.2","faiss==0.1","flake8==3.7.7","gpustat==0.5.0","holoviews==1.11.3","idna==2.8","imageio==2.5.0","ipykernel==5.1.0","ipython-genutils==0.2.0","ipython==7.1.1","ipywidgets==7.4.2","jedi==0.13.3","jinja2==2.10","joblib==0.13.2","jsonschema==3.0.1","jupyter-client==5.2.4","jupyter-console==6.0.0","jupyter-core==4.4.0","jupyter==1.0.0","kiwisolver==1.0.1","markupsafe==1.1.1","matplotlib==3.0.3","mccabe==0.6.1","mistune==0.8.4","mkl-fft==1.0.10","mkl-random==1.0.2","multicoretsne==0.1","nbconvert==5.4.1","nbformat==4.4.0","netifaces==0.10.9","networkx==2.2","notebook==5.7.7","numpy==1.16.2","nvidia-ml-py3==7.352.0","olefile==0.46","packaging==19.0","pandas==0.24.2","pandocfilters==1.4.2","param==1.8.2","parso==0.3.4","patsy==0.5.1","pexpect==4.6.0","pickleshare==0.7.5","pillow==5.4.1","pip==19.0.3","prometheus-client==0.6.0","prompt-toolkit==2.0.9","protobuf==3.7.0","psutil==5.6.1","ptyprocess==0.6.0","pycodestyle==2.5.0","pycosat==0.6.3","pycparser==2.19","pyflakes==2.1.1","pygments==2.3.1","pyopenssl==19.0.0","pyparsing==2.3.1","pyrsistent==0.14.11","pysocks==1.6.8","python-dateutil==2.8.0","pytz==2018.9","pyviz-comms==0.7.0","pywavelets==1.0.2","pyyaml==5.1","pyzmq==18.0.0","qtconsole==4.4.3","requests==2.21.0","ruamel-yaml==0.15.46","ruamel.yaml==0.15.89","scikit-image==0.14.2","scikit-learn==0.20.3","scikit-optimize==0.5.2","scipy==1.2.1","seaborn==0.9.0","send2trash==1.5.0","setuptools==40.8.0","six==1.12.0","statsmodels==0.9.0","tensorboardx==1.6","terminado==0.8.1","testpath==0.4.2","toolz==0.9.0","torch==1.0.0","torchvision==0.2.1","tornado==6.0.2","tqdm==4.31.1","traitlets==4.3.2","urllib3==1.24.1","wcwidth==0.1.7","webencodings==0.5.1","websocket-client==0.56.0","wheel==0.33.1","widgetsnbextension==3.4.2","wurlitzer==1.0.2","yacs==0.1.6"],"local_timestamp":1554323148239,"log_dependency":null,"log_other":null,"log_system_info":null,"metric":null,"offset":3,"os_packages":null,"param":null,"params":null,"stderr":null,"stdout":null},"type":"ws_msg"}
{"payload":{"code":null,"context":null,"env_details":null,"fileName":null,"git_meta":null,"gpu_static_info":null,"graph":null,"html":null,"htmlOverride":null,"installed_packages":null,"local_timestamp":1554323148246,"log_dependency":null,"log_other":null,"log_system_info":null,"metric":null,"offset":4,"os_packages":null,"param":null,"params":null,"stderr":true,"stdout":"COMET WARNING: Failing to collect the installed os packages\n"},"type":"ws_msg"}
{"payload":{"code":null,"context":null,"env_details":{"command":["train_damic.py"],"hostname":"gpu-k80-06","ip":null,"network_interfaces_ips":["127.0.0.1","10.10.1.206","10.12.3.6"],"os":"Linux-2.6.32-754.6.3.el6.x86_64-x86_64-with-debian-stretch-sid","os_type":"Linux","pid":141083,"python_exe":"/miniconda/bin/python","python_version":"3.6.8","python_version_verbose":"3.6.8 |Anaconda, Inc.| (default, Dec 30 2018, 01:22:34) \n[GCC 7.3.0]","user":"user11"},"fileName":null,"git_meta":null,"gpu_static_info":null,"graph":null,"html":null,"htmlOverride":null,"installed_packages":null,"local_timestamp":1554323148242,"log_dependency":null,"log_other":null,"log_system_info":null,"metric":null,"offset":5,"os_packages":null,"param":null,"params":null,"stderr":null,"stdout":null},"type":"ws_msg"}
{"payload":{"code":null,"context":null,"env_details":null,"fileName":null,"git_meta":null,"gpu_static_info":null,"graph":null,"html":null,"htmlOverride":null,"installed_packages":null,"local_timestamp":1554323148556,"log_dependency":null,"log_other":null,"log_system_info":null,"metric":null,"offset":6,"os_packages":null,"param":null,"params":null,"stderr":true,"stdout":"COMET WARNING: Failed to log ip\n"},"type":"ws_msg"}
{"payload":{"code":null,"context":null,"env_details":null,"fileName":null,"git_meta":null,"gpu_static_info":[{"gpu_index":0,"name":"Tesla K80","power_limit":149000,"total_memory":11996954624,"uuid":"GPU-bdad7f8e-26f4-852c-7e45-da253f67a449"}],"graph":null,"html":null,"htmlOverride":null,"installed_packages":null,"local_timestamp":1554323148567,"log_dependency":null,"log_other":null,"log_system_info":null,"metric":null,"offset":7,"os_packages":null,"param":null,"params":null,"stderr":null,"stdout":null},"type":"ws_msg"}
{"payload":{"code":null,"context":null,"env_details":null,"fileName":null,"git_meta":null,"gpu_static_info":null,"graph":null,"html":null,"htmlOverride":null,"installed_packages":null,"local_timestamp":1554323148568,"log_dependency":null,"log_other":null,"log_system_info":null,"metric":{"metricName":"sys.gpu.0.total_memory","metricValue":11996954624,"step":null},"offset":8,"os_packages":null,"param":null,"params":null,"stderr":null,"stdout":null},"type":"ws_msg"}
{"payload":{"code":null,"context":null,"env_details":null,"fileName":null,"git_meta":null,"gpu_static_info":null,"graph":null,"html":null,"htmlOverride":null,"installed_packages":null,"local_timestamp":1554323148574,"log_dependency":null,"log_other":null,"log_system_info":null,"metric":{"metricName":"sys.gpu.0.free_memory","metricValue":11985420288,"step":null},"offset":9,"os_packages":null,"param":null,"params":null,"stderr":null,"stdout":null},"type":"ws_msg"}
{"payload":{"code":null,"context":null,"env_details":null,"fileName":null,"git_meta":null,"gpu_static_info":null,"graph":null,"html":null,"htmlOverride":null,"installed_packages":null,"local_timestamp":1554323148575,"log_dependency":null,"log_other":null,"log_system_info":null,"metric":{"metricName":"sys.gpu.0.used_memory","metricValue":11534336,"step":null},"offset":10,"os_packages":null,"param":null,"params":null,"stderr":null,"stdout":null},"type":"ws_msg"}
{"payload":{"code":null,"context":null,"env_details":null,"fileName":null,"git_meta":null,"gpu_static_info":null,"graph":null,"html":null,"htmlOverride":null,"installed_packages":null,"local_timestamp":1554323148575,"log_dependency":null,"log_other":null,"log_system_info":null,"metric":{"metricName":"sys.gpu.0.gpu_utilization","metricValue":0,"step":null},"offset":11,"os_packages":null,"param":null,"params":null,"stderr":null,"stdout":null},"type":"ws_msg"}
{"payload":{"code":null,"context":null,"env_details":null,"fileName":null,"git_meta":{"branch":"refs/heads/DamicImpl","origin":"https://github.com/swechhachoudhary/ift6759-horoma.git","parent":"a2126bb0f2145273e9079c2354fbfb4d3182f876","repo_name":"ift6759-horoma","root":"619b6b48773e721629722e4d83ca221f2c8e399a","status":null,"user":null},"gpu_static_info":null,"graph":null,"html":null,"htmlOverride":null,"installed_packages":null,"local_timestamp":1554323148626,"log_dependency":null,"log_other":null,"log_system_info":null,"metric":null,"offset":12,"os_packages":null,"param":null,"params":null,"stderr":null,"stdout":null},"type":"ws_msg"}
{"payload":{"additional_params":null,"file_path":"tmpm8paxl7v","local_timestamp":1554323148765,"offset":13,"upload_type":"git-patch"},"type":"file_upload"}
{"payload":{"code":null,"context":null,"env_details":null,"fileName":null,"git_meta":null,"gpu_static_info":null,"graph":null,"html":null,"htmlOverride":null,"installed_packages":null,"local_timestamp":1554323148767,"log_dependency":null,"log_other":{"key":"Name","val":"DAMIC"},"log_system_info":null,"metric":null,"offset":14,"os_packages":null,"param":null,"params":null,"stderr":null,"stdout":null},"type":"ws_msg"}
{"payload":{"code":null,"context":null,"env_details":null,"fileName":null,"git_meta":null,"gpu_static_info":null,"graph":null,"html":null,"htmlOverride":null,"installed_packages":null,"local_timestamp":1554323148767,"log_dependency":null,"log_other":null,"log_system_info":null,"metric":null,"offset":15,"os_packages":null,"param":null,"params":{"paramName":"autoencoder_pretrain","paramValue":["enc_model","batch_size","n_epochs","lr","n_clusters","latent_dim","encoder_path","train_encoder"],"step":null},"stderr":null,"stdout":null},"type":"ws_msg"}
{"payload":{"code":null,"context":null,"env_details":null,"fileName":null,"git_meta":null,"gpu_static_info":null,"graph":null,"html":null,"htmlOverride":null,"installed_packages":null,"local_timestamp":1554323148767,"log_dependency":null,"log_other":null,"log_system_info":null,"metric":null,"offset":16,"os_packages":null,"param":null,"params":{"paramName":"damic_autoencoders_pretrain","paramValue":["batch_size","n_epochs","lr"],"step":null},"stderr":null,"stdout":null},"type":"ws_msg"}
{"payload":{"code":null,"context":null,"env_details":null,"fileName":null,"git_meta":null,"gpu_static_info":null,"graph":null,"html":null,"htmlOverride":null,"installed_packages":null,"local_timestamp":1554323148767,"log_dependency":null,"log_other":null,"log_system_info":null,"metric":null,"offset":17,"os_packages":null,"param":null,"params":{"paramName":"damic_conv_net_pretrain","paramValue":["batch_size","lr","n_epochs"],"step":null},"stderr":null,"stdout":null},"type":"ws_msg"}
{"payload":{"code":null,"context":null,"env_details":null,"fileName":null,"git_meta":null,"gpu_static_info":null,"graph":null,"html":null,"htmlOverride":null,"installed_packages":null,"local_timestamp":1554323148767,"log_dependency":null,"log_other":null,"log_system_info":null,"metric":null,"offset":18,"os_packages":null,"param":null,"params":{"paramName":"damic_train","paramValue":["batch_size","n_epochs","lr"],"step":null},"stderr":null,"stdout":null},"type":"ws_msg"}
{"payload":{"code":null,"context":null,"env_details":null,"fileName":null,"git_meta":null,"gpu_static_info":null,"graph":null,"html":null,"htmlOverride":null,"installed_packages":null,"local_timestamp":1554323148767,"log_dependency":null,"log_other":null,"log_system_info":null,"metric":null,"offset":19,"os_packages":null,"param":{"paramName":"overlapped","paramValue":false,"step":null},"params":null,"stderr":null,"stdout":null},"type":"ws_msg"}
{"payload":{"code":null,"context":null,"env_details":null,"fileName":null,"git_meta":null,"gpu_static_info":null,"graph":null,"html":null,"htmlOverride":null,"installed_packages":null,"local_timestamp":1554323148768,"log_dependency":null,"log_other":null,"log_system_info":null,"metric":null,"offset":20,"os_packages":null,"param":{"paramName":"seed","paramValue":1234,"step":null},"params":null,"stderr":null,"stdout":null},"type":"ws_msg"}
{"payload":{"code":null,"context":null,"env_details":null,"fileName":null,"git_meta":null,"gpu_static_info":null,"graph":null,"html":null,"htmlOverride":null,"installed_packages":null,"local_timestamp":1554323148768,"log_dependency":null,"log_other":null,"log_system_info":null,"metric":null,"offset":21,"os_packages":null,"param":{"paramName":"train_subset","paramValue":300,"step":null},"params":null,"stderr":null,"stdout":null},"type":"ws_msg"}
{"payload":{"code":null,"context":null,"env_details":null,"fileName":null,"git_meta":null,"gpu_static_info":null,"graph":null,"html":null,"htmlOverride":null,"installed_packages":null,"local_timestamp":1554323152094,"log_dependency":null,"log_other":null,"log_system_info":null,"metric":null,"offset":22,"os_packages":null,"param":null,"params":null,"stderr":false,"stdout":"== Start DAMIC pre-training ..."},"type":"ws_msg"}
{"payload":{"code":null,"context":null,"env_details":null,"fileName":null,"git_meta":null,"gpu_static_info":null,"graph":null,"html":null,"htmlOverride":null,"installed_packages":null,"local_timestamp":1554323152107,"log_dependency":null,"log_other":null,"log_system_info":null,"metric":null,"offset":23,"os_packages":null,"param":null,"params":null,"stderr":false,"stdout":"\nLoading datasets from (/rap/jvb-000-aa/COURS2019/etudiants/data/horoma) ... "},"type":"ws_msg"}
{"payload":{"code":null,"context":null,"env_details":null,"fileName":null,"git_meta":null,"gpu_static_info":null,"graph":null,"html":null,"htmlOverride":null,"installed_packages":null,"local_timestamp":1554323153011,"log_dependency":null,"log_other":null,"log_system_info":null,"metric":null,"offset":24,"os_packages":null,"param":null,"params":null,"stderr":false,"stdout":"Done in 0.92 sec"},"type":"ws_msg"}
{"payload":{"code":null,"context":null,"env_details":null,"fileName":null,"git_meta":null,"gpu_static_info":null,"graph":null,"html":null,"htmlOverride":null,"installed_packages":null,"local_timestamp":1554323153011,"log_dependency":null,"log_other":null,"log_system_info":null,"metric":null,"offset":25,"os_packages":null,"param":null,"params":null,"stderr":false,"stdout":"\n"},"type":"ws_msg"}
{"payload":{"code":null,"context":null,"env_details":null,"fileName":null,"git_meta":null,"gpu_static_info":null,"graph":null,"html":null,"htmlOverride":null,"installed_packages":null,"local_timestamp":1554323153012,"log_dependency":null,"log_other":null,"log_system_info":null,"metric":null,"offset":26,"os_packages":null,"param":null,"params":null,"stderr":false,"stdout":"Shape of unlabeled training set: "},"type":"ws_msg"}
{"payload":{"code":null,"context":null,"env_details":null,"fileName":null,"git_meta":null,"gpu_static_info":null,"graph":null,"html":null,"htmlOverride":null,"installed_packages":null,"local_timestamp":1554323153012,"log_dependency":null,"log_other":null,"log_system_info":null,"metric":null,"offset":27,"os_packages":null,"param":null,"params":null,"stderr":false,"stdout":" "},"type":"ws_msg"}
{"payload":{"code":null,"context":null,"env_details":null,"fileName":null,"git_meta":null,"gpu_static_info":null,"graph":null,"html":null,"htmlOverride":null,"installed_packages":null,"local_timestamp":1554323153012,"log_dependency":null,"log_other":null,"log_system_info":null,"metric":null,"offset":28,"os_packages":null,"param":null,"params":null,"stderr":false,"stdout":"(300, 3, 32, 32)"},"type":"ws_msg"}
{"payload":{"code":null,"context":null,"env_details":null,"fileName":null,"git_meta":null,"gpu_static_info":null,"graph":null,"html":null,"htmlOverride":null,"installed_packages":null,"local_timestamp":1554323153013,"log_dependency":null,"log_other":null,"log_system_info":null,"metric":null,"offset":29,"os_packages":null,"param":null,"params":null,"stderr":false,"stdout":"\n"},"type":"ws_msg"}
{"payload":{"code":null,"context":null,"env_details":null,"fileName":null,"git_meta":null,"gpu_static_info":null,"graph":null,"html":null,"htmlOverride":null,"installed_packages":null,"local_timestamp":1554323153013,"log_dependency":null,"log_other":null,"log_system_info":null,"metric":null,"offset":30,"os_packages":null,"param":null,"params":null,"stderr":false,"stdout":"Shape of labeled training set: "},"type":"ws_msg"}
{"payload":{"code":null,"context":null,"env_details":null,"fileName":null,"git_meta":null,"gpu_static_info":null,"graph":null,"html":null,"htmlOverride":null,"installed_packages":null,"local_timestamp":1554323153014,"log_dependency":null,"log_other":null,"log_system_info":null,"metric":null,"offset":31,"os_packages":null,"param":null,"params":null,"stderr":false,"stdout":" "},"type":"ws_msg"}
{"payload":{"code":null,"context":null,"env_details":null,"fileName":null,"git_meta":null,"gpu_static_info":null,"graph":null,"html":null,"htmlOverride":null,"installed_packages":null,"local_timestamp":1554323153014,"log_dependency":null,"log_other":null,"log_system_info":null,"metric":null,"offset":32,"os_packages":null,"param":null,"params":null,"stderr":false,"stdout":"(228, 3, 32, 32)"},"type":"ws_msg"}
{"payload":{"code":null,"context":null,"env_details":null,"fileName":null,"git_meta":null,"gpu_static_info":null,"graph":null,"html":null,"htmlOverride":null,"installed_packages":null,"local_timestamp":1554323153014,"log_dependency":null,"log_other":null,"log_system_info":null,"metric":null,"offset":33,"os_packages":null,"param":null,"params":null,"stderr":false,"stdout":"\n"},"type":"ws_msg"}
{"payload":{"code":null,"context":null,"env_details":null,"fileName":null,"git_meta":null,"gpu_static_info":null,"graph":null,"html":null,"htmlOverride":null,"installed_packages":null,"local_timestamp":1554323153015,"log_dependency":null,"log_other":null,"log_system_info":null,"metric":null,"offset":34,"os_packages":null,"param":null,"params":null,"stderr":false,"stdout":"Shape of labeled valid set: "},"type":"ws_msg"}
{"payload":{"code":null,"context":null,"env_details":null,"fileName":null,"git_meta":null,"gpu_static_info":null,"graph":null,"html":null,"htmlOverride":null,"installed_packages":null,"local_timestamp":1554323153015,"log_dependency":null,"log_other":null,"log_system_info":null,"metric":null,"offset":35,"os_packages":null,"param":null,"params":null,"stderr":false,"stdout":" "},"type":"ws_msg"}
{"payload":{"code":null,"context":null,"env_details":null,"fileName":null,"git_meta":null,"gpu_static_info":null,"graph":null,"html":null,"htmlOverride":null,"installed_packages":null,"local_timestamp":1554323153016,"log_dependency":null,"log_other":null,"log_system_info":null,"metric":null,"offset":36,"os_packages":null,"param":null,"params":null,"stderr":false,"stdout":"(252, 3, 32, 32)"},"type":"ws_msg"}
{"payload":{"code":null,"context":null,"env_details":null,"fileName":null,"git_meta":null,"gpu_static_info":null,"graph":null,"html":null,"htmlOverride":null,"installed_packages":null,"local_timestamp":1554323153016,"log_dependency":null,"log_other":null,"log_system_info":null,"metric":null,"offset":37,"os_packages":null,"param":null,"params":null,"stderr":false,"stdout":"\n"},"type":"ws_msg"}
{"payload":{"code":null,"context":null,"env_details":null,"fileName":null,"git_meta":null,"gpu_static_info":null,"graph":null,"html":null,"htmlOverride":null,"installed_packages":null,"local_timestamp":1554323153029,"log_dependency":null,"log_other":null,"log_system_info":null,"metric":null,"offset":38,"os_packages":null,"param":null,"params":null,"stderr":false,"stdout":"Start training of pre-train auto-encoder..."},"type":"ws_msg"}
{"payload":{"code":null,"context":null,"env_details":null,"fileName":null,"git_meta":null,"gpu_static_info":null,"graph":null,"html":null,"htmlOverride":null,"installed_packages":null,"local_timestamp":1554323153030,"log_dependency":null,"log_other":null,"log_system_info":null,"metric":null,"offset":39,"os_packages":null,"param":null,"params":null,"stderr":false,"stdout":"\n"},"type":"ws_msg"}
{"payload":{"code":null,"context":null,"env_details":null,"fileName":null,"git_meta":null,"gpu_static_info":null,"graph":null,"html":null,"htmlOverride":null,"installed_packages":null,"local_timestamp":1554323153050,"log_dependency":null,"log_other":null,"log_system_info":null,"metric":null,"offset":40,"os_packages":null,"param":null,"params":null,"stderr":false,"stdout":"TYPE"},"type":"ws_msg"}
{"payload":{"code":null,"context":null,"env_details":null,"fileName":null,"git_meta":null,"gpu_static_info":null,"graph":null,"html":null,"htmlOverride":null,"installed_packages":null,"local_timestamp":1554323153050,"log_dependency":null,"log_other":null,"log_system_info":null,"metric":null,"offset":41,"os_packages":null,"param":null,"params":null,"stderr":false,"stdout":"\n"},"type":"ws_msg"}
{"payload":{"code":null,"context":null,"env_details":null,"fileName":null,"git_meta":null,"gpu_static_info":null,"graph":null,"html":null,"htmlOverride":null,"installed_packages":null,"local_timestamp":1554323153051,"log_dependency":null,"log_other":null,"log_system_info":null,"metric":null,"offset":42,"os_packages":null,"param":null,"params":null,"stderr":false,"stdout":"<class 'list'>"},"type":"ws_msg"}
{"payload":{"code":null,"context":null,"env_details":null,"fileName":null,"git_meta":null,"gpu_static_info":null,"graph":null,"html":null,"htmlOverride":null,"installed_packages":null,"local_timestamp":1554323153051,"log_dependency":null,"log_other":null,"log_system_info":null,"metric":null,"offset":43,"os_packages":null,"param":null,"params":null,"stderr":false,"stdout":"\n"},"type":"ws_msg"}
{"payload":{"code":null,"context":null,"env_details":null,"fileName":null,"git_meta":null,"gpu_static_info":null,"graph":null,"html":null,"htmlOverride":null,"installed_packages":null,"local_timestamp":1554323153052,"log_dependency":null,"log_other":null,"log_system_info":null,"metric":null,"offset":44,"os_packages":null,"param":null,"params":null,"stderr":false,"stdout":"INPUT IS A TUPLE"},"type":"ws_msg"}
{"payload":{"code":null,"context":null,"env_details":null,"fileName":null,"git_meta":null,"gpu_static_info":null,"graph":null,"html":null,"htmlOverride":null,"installed_packages":null,"local_timestamp":1554323153052,"log_dependency":null,"log_other":null,"log_system_info":null,"metric":null,"offset":45,"os_packages":null,"param":null,"params":null,"stderr":false,"stdout":"\n"},"type":"ws_msg"}
{"payload":{"code":null,"context":null,"env_details":null,"fileName":null,"git_meta":null,"gpu_static_info":null,"graph":"DAMICClustering(\n  (clustering_network): Sequential(\n    (0): Conv2d(3, 64, kernel_size=(3, 3), stride=(1, 1), padding=(1, 1))\n    (1): BatchNorm2d(64, eps=1e-05, momentum=0.1, affine=True, track_running_stats=True)\n    (2): ReLU()\n    (3): Conv2d(64, 64, kernel_size=(4, 4), stride=(2, 2), padding=(1, 1))\n    (4): BatchNorm2d(64, eps=1e-05, momentum=0.1, affine=True, track_running_stats=True)\n    (5): ReLU()\n    (6): Conv2d(64, 32, kernel_size=(3, 3), stride=(1, 1), padding=(1, 1))\n    (7): BatchNorm2d(32, eps=1e-05, momentum=0.1, affine=True, track_running_stats=True)\n    (8): ReLU()\n    (9): Conv2d(32, 32, kernel_size=(4, 4), stride=(2, 2), padding=(1, 1))\n    (10): BatchNorm2d(32, eps=1e-05, momentum=0.1, affine=True, track_running_stats=True)\n    (11): ReLU()\n    (12): Conv2d(32, 16, kernel_size=(3, 3), stride=(1, 1), padding=(1, 1))\n    (13): BatchNorm2d(16, eps=1e-05, momentum=0.1, affine=True, track_running_stats=True)\n    (14): ReLU()\n    (15): Conv2d(16, 16, kernel_size=(4, 4), stride=(2, 2), padding=(1, 1))\n    (16): BatchNorm2d(16, eps=1e-05, momentum=0.1, affine=True, track_running_stats=True)\n    (17): ReLU()\n  )\n  (output_layer_conv_net): Linear(in_features=256, out_features=17, bias=True)\n)","html":null,"htmlOverride":null,"installed_packages":null,"local_timestamp":1554323153128,"log_dependency":null,"log_other":null,"log_system_info":null,"metric":null,"offset":46,"os_packages":null,"param":null,"params":null,"stderr":null,"stdout":null},"type":"ws_msg"}
{"payload":{"code":null,"context":null,"env_details":null,"fileName":null,"git_meta":null,"gpu_static_info":null,"graph":null,"html":null,"htmlOverride":null,"installed_packages":null,"local_timestamp":1554323153171,"log_dependency":null,"log_other":null,"log_system_info":null,"metric":null,"offset":47,"os_packages":null,"param":{"paramName":"curr_step","paramValue":0,"step":0},"params":null,"stderr":null,"stdout":null},"type":"ws_msg"}
{"payload":{"code":null,"context":null,"env_details":null,"fileName":null,"git_meta":null,"gpu_static_info":null,"graph":null,"html":null,"htmlOverride":null,"installed_packages":null,"local_timestamp":1554323153172,"log_dependency":null,"log_other":null,"log_system_info":null,"metric":{"metricName":"loss","metricValue":32595.59375,"step":0},"offset":48,"os_packages":null,"param":null,"params":null,"stderr":null,"stdout":null},"type":"ws_msg"}
{"payload":{"code":null,"context":null,"env_details":null,"fileName":null,"git_meta":null,"gpu_static_info":null,"graph":null,"html":null,"htmlOverride":null,"installed_packages":null,"local_timestamp":1554323153186,"log_dependency":null,"log_other":null,"log_system_info":null,"metric":null,"offset":49,"os_packages":null,"param":null,"params":null,"stderr":false,"stdout":"Train Epoch: 0 [0/256 (0%)]\tLoss: 254.653076"},"type":"ws_msg"}
{"payload":{"code":null,"context":null,"env_details":null,"fileName":null,"git_meta":null,"gpu_static_info":null,"graph":null,"html":null,"htmlOverride":null,"installed_packages":null,"local_timestamp":1554323153186,"log_dependency":null,"log_other":null,"log_system_info":null,"metric":null,"offset":50,"os_packages":null,"param":null,"params":null,"stderr":false,"stdout":"\n"},"type":"ws_msg"}
{"payload":{"code":null,"context":null,"env_details":null,"fileName":null,"git_meta":null,"gpu_static_info":null,"graph":null,"html":null,"htmlOverride":null,"installed_packages":null,"local_timestamp":1554323153199,"log_dependency":null,"log_other":null,"log_system_info":null,"metric":null,"offset":51,"os_packages":null,"param":null,"params":null,"stderr":false,"stdout":"TYPE"},"type":"ws_msg"}
{"payload":{"code":null,"context":null,"env_details":null,"fileName":null,"git_meta":null,"gpu_static_info":null,"graph":null,"html":null,"htmlOverride":null,"installed_packages":null,"local_timestamp":1554323153199,"log_dependency":null,"log_other":null,"log_system_info":null,"metric":null,"offset":52,"os_packages":null,"param":null,"params":null,"stderr":false,"stdout":"\n"},"type":"ws_msg"}
{"payload":{"code":null,"context":null,"env_details":null,"fileName":null,"git_meta":null,"gpu_static_info":null,"graph":null,"html":null,"htmlOverride":null,"installed_packages":null,"local_timestamp":1554323153200,"log_dependency":null,"log_other":null,"log_system_info":null,"metric":null,"offset":53,"os_packages":null,"param":null,"params":null,"stderr":false,"stdout":"<class 'list'>"},"type":"ws_msg"}
{"payload":{"code":null,"context":null,"env_details":null,"fileName":null,"git_meta":null,"gpu_static_info":null,"graph":null,"html":null,"htmlOverride":null,"installed_packages":null,"local_timestamp":1554323153200,"log_dependency":null,"log_other":null,"log_system_info":null,"metric":null,"offset":54,"os_packages":null,"param":null,"params":null,"stderr":false,"stdout":"\n"},"type":"ws_msg"}
{"payload":{"code":null,"context":null,"env_details":null,"fileName":null,"git_meta":null,"gpu_static_info":null,"graph":null,"html":null,"htmlOverride":null,"installed_packages":null,"local_timestamp":1554323153201,"log_dependency":null,"log_other":null,"log_system_info":null,"metric":null,"offset":55,"os_packages":null,"param":null,"params":null,"stderr":false,"stdout":"INPUT IS A TUPLE"},"type":"ws_msg"}
{"payload":{"code":null,"context":null,"env_details":null,"fileName":null,"git_meta":null,"gpu_static_info":null,"graph":null,"html":null,"htmlOverride":null,"installed_packages":null,"local_timestamp":1554323153201,"log_dependency":null,"log_other":null,"log_system_info":null,"metric":null,"offset":56,"os_packages":null,"param":null,"params":null,"stderr":false,"stdout":"\n"},"type":"ws_msg"}
{"payload":{"code":null,"context":null,"env_details":null,"fileName":null,"git_meta":null,"gpu_static_info":null,"graph":null,"html":null,"htmlOverride":null,"installed_packages":null,"local_timestamp":1554323153269,"log_dependency":null,"log_other":null,"log_system_info":null,"metric":{"metricName":"Train loss","metricValue":198.71516927083334,"step":0},"offset":57,"os_packages":null,"param":null,"params":null,"stderr":null,"stdout":null},"type":"ws_msg"}
{"payload":{"code":null,"context":null,"env_details":null,"fileName":null,"git_meta":null,"gpu_static_info":null,"graph":null,"html":null,"htmlOverride":null,"installed_packages":null,"local_timestamp":1554323153275,"log_dependency":null,"log_other":null,"log_system_info":null,"metric":null,"offset":58,"os_packages":null,"param":null,"params":null,"stderr":true,"stdout":"Traceback (most recent call last):\n"},"type":"ws_msg"}
{"payload":{"code":null,"context":null,"env_details":null,"fileName":null,"git_meta":null,"gpu_static_info":null,"graph":null,"html":null,"htmlOverride":null,"installed_packages":null,"local_timestamp":1554323153276,"log_dependency":null,"log_other":null,"log_system_info":null,"metric":null,"offset":59,"os_packages":null,"param":null,"params":null,"stderr":true,"stdout":"  File \"train_damic.py\", line 69, in <module>\n"},"type":"ws_msg"}
{"payload":{"code":null,"context":null,"env_details":null,"fileName":null,"git_meta":null,"gpu_static_info":null,"graph":null,"html":null,"htmlOverride":null,"installed_packages":null,"local_timestamp":1554323153277,"log_dependency":null,"log_other":null,"log_system_info":null,"metric":null,"offset":60,"os_packages":null,"param":null,"params":null,"stderr":true,"stdout":"    "},"type":"ws_msg"}
{"payload":{"code":null,"context":null,"env_details":null,"fileName":null,"git_meta":null,"gpu_static_info":null,"graph":null,"html":null,"htmlOverride":null,"installed_packages":null,"local_timestamp":1554323153278,"log_dependency":null,"log_other":null,"log_system_info":null,"metric":null,"offset":61,"os_packages":null,"param":null,"params":null,"stderr":true,"stdout":"main(datapath, configuration, config_key)"},"type":"ws_msg"}
{"payload":{"code":null,"context":null,"env_details":null,"fileName":null,"git_meta":null,"gpu_static_info":null,"graph":null,"html":null,"htmlOverride":null,"installed_packages":null,"local_timestamp":1554323153278,"log_dependency":null,"log_other":null,"log_system_info":null,"metric":null,"offset":62,"os_packages":null,"param":null,"params":null,"stderr":true,"stdout":"\n"},"type":"ws_msg"}
{"payload":{"code":null,"context":null,"env_details":null,"fileName":null,"git_meta":null,"gpu_static_info":null,"graph":null,"html":null,"htmlOverride":null,"installed_packages":null,"local_timestamp":1554323153278,"log_dependency":null,"log_other":null,"log_system_info":null,"metric":null,"offset":63,"os_packages":null,"param":null,"params":null,"stderr":true,"stdout":"  File \"train_damic.py\", line 36, in main\n"},"type":"ws_msg"}
{"payload":{"code":null,"context":null,"env_details":null,"fileName":null,"git_meta":null,"gpu_static_info":null,"graph":null,"html":null,"htmlOverride":null,"installed_packages":null,"local_timestamp":1554323153280,"log_dependency":null,"log_other":null,"log_system_info":null,"metric":null,"offset":64,"os_packages":null,"param":null,"params":null,"stderr":true,"stdout":"    "},"type":"ws_msg"}
{"payload":{"code":null,"context":null,"env_details":null,"fileName":null,"git_meta":null,"gpu_static_info":null,"graph":null,"html":null,"htmlOverride":null,"installed_packages":null,"local_timestamp":1554323153280,"log_dependency":null,"log_other":null,"log_system_info":null,"metric":null,"offset":65,"os_packages":null,"param":null,"params":null,"stderr":true,"stdout":"experiment, seed)"},"type":"ws_msg"}
{"payload":{"code":null,"context":null,"env_details":null,"fileName":null,"git_meta":null,"gpu_static_info":null,"graph":null,"html":null,"htmlOverride":null,"installed_packages":null,"local_timestamp":1554323153280,"log_dependency":null,"log_other":null,"log_system_info":null,"metric":null,"offset":66,"os_packages":null,"param":null,"params":null,"stderr":true,"stdout":"\n"},"type":"ws_msg"}
{"payload":{"code":null,"context":null,"env_details":null,"fileName":null,"git_meta":null,"gpu_static_info":null,"graph":null,"html":null,"htmlOverride":null,"installed_packages":null,"local_timestamp":1554323153281,"log_dependency":null,"log_other":null,"log_system_info":null,"metric":null,"offset":67,"os_packages":null,"param":null,"params":null,"stderr":true,"stdout":"  File \"/rap/jvb-000-aa/COURS2019/etudiants/user11/Block3/ift6759-horoma/utils/damic_utils.py\", line 151, in execute_damic_pre_training\n"},"type":"ws_msg"}
{"payload":{"code":null,"context":null,"env_details":null,"fileName":null,"git_meta":null,"gpu_static_info":null,"graph":null,"html":null,"htmlOverride":null,"installed_packages":null,"local_timestamp":1554323153282,"log_dependency":null,"log_other":null,"log_system_info":null,"metric":null,"offset":68,"os_packages":null,"param":null,"params":null,"stderr":true,"stdout":"    "},"type":"ws_msg"}
{"payload":{"code":null,"context":null,"env_details":null,"fileName":null,"git_meta":null,"gpu_static_info":null,"graph":null,"html":null,"htmlOverride":null,"installed_packages":null,"local_timestamp":1554323153283,"log_dependency":null,"log_other":null,"log_system_info":null,"metric":null,"offset":69,"os_packages":null,"param":null,"params":null,"stderr":true,"stdout":"device, experiment, seed)"},"type":"ws_msg"}
{"payload":{"code":null,"context":null,"env_details":null,"fileName":null,"git_meta":null,"gpu_static_info":null,"graph":null,"html":null,"htmlOverride":null,"installed_packages":null,"local_timestamp":1554323153283,"log_dependency":null,"log_other":null,"log_system_info":null,"metric":null,"offset":70,"os_packages":null,"param":null,"params":null,"stderr":true,"stdout":"\n"},"type":"ws_msg"}
{"payload":{"code":null,"context":null,"env_details":null,"fileName":null,"git_meta":null,"gpu_static_info":null,"graph":null,"html":null,"htmlOverride":null,"installed_packages":null,"local_timestamp":1554323153283,"log_dependency":null,"log_other":null,"log_system_info":null,"metric":null,"offset":71,"os_packages":null,"param":null,"params":null,"stderr":true,"stdout":"  File \"/rap/jvb-000-aa/COURS2019/etudiants/user11/Block3/ift6759-horoma/utils/damic_utils.py\", line 92, in _get_class_predictions_for_damic_pretraining\n"},"type":"ws_msg"}
{"payload":{"code":null,"context":null,"env_details":null,"fileName":null,"git_meta":null,"gpu_static_info":null,"graph":null,"html":null,"htmlOverride":null,"installed_packages":null,"local_timestamp":1554323153284,"log_dependency":null,"log_other":null,"log_system_info":null,"metric":null,"offset":72,"os_packages":null,"param":null,"params":null,"stderr":true,"stdout":"    "},"type":"ws_msg"}
{"payload":{"code":null,"context":null,"env_details":null,"fileName":null,"git_meta":null,"gpu_static_info":null,"graph":null,"html":null,"htmlOverride":null,"installed_packages":null,"local_timestamp":1554323153285,"log_dependency":null,"log_other":null,"log_system_info":null,"metric":null,"offset":73,"os_packages":null,"param":null,"params":null,"stderr":true,"stdout":"device=device, experiment=experiment)"},"type":"ws_msg"}
{"payload":{"code":null,"context":null,"env_details":null,"fileName":null,"git_meta":null,"gpu_static_info":null,"graph":null,"html":null,"htmlOverride":null,"installed_packages":null,"local_timestamp":1554323153285,"log_dependency":null,"log_other":null,"log_system_info":null,"metric":null,"offset":74,"os_packages":null,"param":null,"params":null,"stderr":true,"stdout":"\n"},"type":"ws_msg"}
{"payload":{"code":null,"context":null,"env_details":null,"fileName":null,"git_meta":null,"gpu_static_info":null,"graph":null,"html":null,"htmlOverride":null,"installed_packages":null,"local_timestamp":1554323153286,"log_dependency":null,"log_other":null,"log_system_info":null,"metric":null,"offset":75,"os_packages":null,"param":null,"params":null,"stderr":true,"stdout":"  File \"/rap/jvb-000-aa/COURS2019/etudiants/user11/Block3/ift6759-horoma/models/encoders.py\", line 235, in fit\n"},"type":"ws_msg"}
{"payload":{"code":null,"context":null,"env_details":null,"fileName":null,"git_meta":null,"gpu_static_info":null,"graph":null,"html":null,"htmlOverride":null,"installed_packages":null,"local_timestamp":1554323153287,"log_dependency":null,"log_other":null,"log_system_info":null,"metric":null,"offset":76,"os_packages":null,"param":null,"params":null,"stderr":true,"stdout":"    "},"type":"ws_msg"}
{"payload":{"code":null,"context":null,"env_details":null,"fileName":null,"git_meta":null,"gpu_static_info":null,"graph":null,"html":null,"htmlOverride":null,"installed_packages":null,"local_timestamp":1554323153287,"log_dependency":null,"log_other":null,"log_system_info":null,"metric":null,"offset":77,"os_packages":null,"param":null,"params":null,"stderr":true,"stdout":"folder_save_model=self.folder_save_model, pth_filename_save_model=self.pth_filename_save_model)"},"type":"ws_msg"}
{"payload":{"code":null,"context":null,"env_details":null,"fileName":null,"git_meta":null,"gpu_static_info":null,"graph":null,"html":null,"htmlOverride":null,"installed_packages":null,"local_timestamp":1554323153288,"log_dependency":null,"log_other":null,"log_system_info":null,"metric":null,"offset":78,"os_packages":null,"param":null,"params":null,"stderr":true,"stdout":"\n"},"type":"ws_msg"}
{"payload":{"code":null,"context":null,"env_details":null,"fileName":null,"git_meta":null,"gpu_static_info":null,"graph":null,"html":null,"htmlOverride":null,"installed_packages":null,"local_timestamp":1554323153288,"log_dependency":null,"log_other":null,"log_system_info":null,"metric":null,"offset":79,"os_packages":null,"param":null,"params":null,"stderr":true,"stdout":"  File \"/rap/jvb-000-aa/COURS2019/etudiants/user11/Block3/ift6759-horoma/utils/model_utils.py\", line 197, in train_network\n"},"type":"ws_msg"}
{"payload":{"code":null,"context":null,"env_details":null,"fileName":null,"git_meta":null,"gpu_static_info":null,"graph":null,"html":null,"htmlOverride":null,"installed_packages":null,"local_timestamp":1554323153289,"log_dependency":null,"log_other":null,"log_system_info":null,"metric":null,"offset":80,"os_packages":null,"param":null,"params":null,"stderr":true,"stdout":"    "},"type":"ws_msg"}
{"payload":{"code":null,"context":null,"env_details":null,"fileName":null,"git_meta":null,"gpu_static_info":null,"graph":null,"html":null,"htmlOverride":null,"installed_packages":null,"local_timestamp":1554323153289,"log_dependency":null,"log_other":null,"log_system_info":null,"metric":null,"offset":81,"os_packages":null,"param":null,"params":null,"stderr":true,"stdout":"valid_loss = _test(model, test_loader, epoch, device, experiment)"},"type":"ws_msg"}
{"payload":{"code":null,"context":null,"env_details":null,"fileName":null,"git_meta":null,"gpu_static_info":null,"graph":null,"html":null,"htmlOverride":null,"installed_packages":null,"local_timestamp":1554323153290,"log_dependency":null,"log_other":null,"log_system_info":null,"metric":null,"offset":82,"os_packages":null,"param":null,"params":null,"stderr":true,"stdout":"\n"},"type":"ws_msg"}
{"payload":{"code":null,"context":null,"env_details":null,"fileName":null,"git_meta":null,"gpu_static_info":null,"graph":null,"html":null,"htmlOverride":null,"installed_packages":null,"local_timestamp":1554323153290,"log_dependency":null,"log_other":null,"log_system_info":null,"metric":null,"offset":83,"os_packages":null,"param":null,"params":null,"stderr":true,"stdout":"  File \"/rap/jvb-000-aa/COURS2019/etudiants/user11/Block3/ift6759-horoma/utils/model_utils.py\", line 164, in _test\n"},"type":"ws_msg"}
{"payload":{"code":null,"context":null,"env_details":null,"fileName":null,"git_meta":null,"gpu_static_info":null,"graph":null,"html":null,"htmlOverride":null,"installed_packages":null,"local_timestamp":1554323153291,"log_dependency":null,"log_other":null,"log_system_info":null,"metric":null,"offset":84,"os_packages":null,"param":null,"params":null,"stderr":true,"stdout":"    "},"type":"ws_msg"}
{"payload":{"code":null,"context":null,"env_details":null,"fileName":null,"git_meta":null,"gpu_static_info":null,"graph":null,"html":null,"htmlOverride":null,"installed_packages":null,"local_timestamp":1554323153292,"log_dependency":null,"log_other":null,"log_system_info":null,"metric":null,"offset":85,"os_packages":null,"param":null,"params":null,"stderr":true,"stdout":"inputs = inputs.to(device)"},"type":"ws_msg"}
{"payload":{"code":null,"context":null,"env_details":null,"fileName":null,"git_meta":null,"gpu_static_info":null,"graph":null,"html":null,"htmlOverride":null,"installed_packages":null,"local_timestamp":1554323153292,"log_dependency":null,"log_other":null,"log_system_info":null,"metric":null,"offset":86,"os_packages":null,"param":null,"params":null,"stderr":true,"stdout":"\n"},"type":"ws_msg"}
{"payload":{"code":null,"context":null,"env_details":null,"fileName":null,"git_meta":null,"gpu_static_info":null,"graph":null,"html":null,"htmlOverride":null,"installed_packages":null,"local_timestamp":1554323153292,"log_dependency":null,"log_other":null,"log_system_info":null,"metric":null,"offset":87,"os_packages":null,"param":null,"params":null,"stderr":true,"stdout":"AttributeError"},"type":"ws_msg"}
{"payload":{"code":null,"context":null,"env_details":null,"fileName":null,"git_meta":null,"gpu_static_info":null,"graph":null,"html":null,"htmlOverride":null,"installed_packages":null,"local_timestamp":1554323153293,"log_dependency":null,"log_other":null,"log_system_info":null,"metric":null,"offset":88,"os_packages":null,"param":null,"params":null,"stderr":true,"stdout":": "},"type":"ws_msg"}
{"payload":{"code":null,"context":null,"env_details":null,"fileName":null,"git_meta":null,"gpu_static_info":null,"graph":null,"html":null,"htmlOverride":null,"installed_packages":null,"local_timestamp":1554323153293,"log_dependency":null,"log_other":null,"log_system_info":null,"metric":null,"offset":89,"os_packages":null,"param":null,"params":null,"stderr":true,"stdout":"'list' object has no attribute 'to'"},"type":"ws_msg"}
{"payload":{"code":null,"context":null,"env_details":null,"fileName":null,"git_meta":null,"gpu_static_info":null,"graph":null,"html":null,"htmlOverride":null,"installed_packages":null,"local_timestamp":1554323153294,"log_dependency":null,"log_other":null,"log_system_info":null,"metric":null,"offset":90,"os_packages":null,"param":null,"params":null,"stderr":true,"stdout":"\n"},"type":"ws_msg"}
