{"payload":{"code":null,"context":null,"env_details":null,"fileName":"/rap/jvb-000-aa/COURS2019/etudiants/user11/Block3/ift6759-horoma/train.py","git_meta":null,"gpu_static_info":null,"graph":null,"html":null,"htmlOverride":null,"installed_packages":null,"local_timestamp":1553882081259,"log_dependency":null,"log_other":null,"log_system_info":null,"metric":null,"offset":1,"os_packages":null,"param":null,"params":null,"stderr":null,"stdout":null},"type":"ws_msg"}
{"payload":{"code":"from comet_ml import OfflineExperiment\nimport json\nimport argparse\nfrom models.encoders import *\nfrom models.clustering import *\nfrom utils.utils import *\nfrom utils.constants import Constants\nimport torch\n\n\ndef main(datapath, clustering_model, encoding_model, batch_size, n_epochs, lr, flattened, device, overlapped,\n         experiment, encode, cluster, train_subset=None, path_to_model=None):\n    \"\"\"\n    :param datapath: path to the directory containing the samples\n    :param clustering_model: which clustering model to use [kmeans, gmm].\n    :param encoding_model: which encoding model to use, convolutional, variational or simple autoencoders.\n    :param batch_size: batch size\n    :param n_epochs: number of epochs\n    :param lr: learning rate\n    :param flattened: If True return the images in a flatten format.\n    :param device: use CUDA device if available else CPU .\n    :param overlapped: boolean, if True use the overlapped pixel patches.\n    :param experiment: track experiment\n    :param encode: boolean, if True, train and apply encoding model.\n    :param cluster: boolean, if True, train and apply clustering model.\n    :param train_subset: How many elements will be used. Default: all.\n    :param path_to_model: path to the directory containing saved models.\n\n    \"\"\"\n    train, labeled = load_datasets(datapath, train_subset=train_subset,\n                                   flattened=flattened, overlapped=overlapped)\n    train_label_indices, valid_indices = get_split_indices(labeled.targets, overlapped=overlapped)\n\n    print(\"Shape of training set: \", train.data.shape)\n    print(\"Shape of labeled training set: \", labeled.data[train_label_indices].shape)\n    print(\"Shape of validation dataset: \", labeled.data[valid_indices].shape)\n\n    if encode:\n        # Train and apply encoding model\n        print(\"Before encoding_model.fit\")\n        print(\"lr is \")\n        print(lr)\n        print(\"device is \")\n        print(device)\n        print(\"experiemnt is \")\n        print(experiment)\n        print(\"batch siuze is \")\n        print(batch_size)\n        print(\"trianing format is \")\n        print(len(train))\n        print(\"number of epoch is \")\n        print(n_epochs)\n        train_enc, encoding_model = encoding_model.fit(data=train, batch_size=batch_size, n_epochs=n_epochs,\n                                                       lr=lr, device=device, experiment=experiment)\n    else:\n        encoding_model.load_state_dict(torch.load(path_to_model)[\"model\"])\n        train_enc = encode_dataset(encoding_model, train, batch_size, device)\n    if cluster:\n        train_labeled_enc = encoding_model.encode(labeled[train_label_indices][0].to(device))\n        valid_enc = encoding_model.encode(labeled[valid_indices][0].to(device))\n\n        # Train and apply clustering model\n        clustering_model.train(train_enc)\n        cluster_labels = assign_labels_to_clusters(clustering_model, train_labeled_enc,\n                                                   labeled.targets[train_label_indices])\n        _, accuracy, f1 = eval_model_predictions(clustering_model, valid_enc, labeled.targets[valid_indices],\n                                                 cluster_labels)\n        experiment.log_metric('accuracy', accuracy)\n        experiment.log_metric('f1-score', f1)\n\n        # Save models\n        model = {'cluster': clustering_model, 'embedding': encoding_model, 'cluster_labels': cluster_labels}\n        torch.save(model, Constants.PATH_TO_MODEL + str(experiment.get_key()) + '.tar')\n\n\nif __name__ == '__main__':\n\n    parser = argparse.ArgumentParser()\n    parser.add_argument(\"--datapath\", type=str, default=Constants.DATAPATH,\n                        help=\"Path to dataset folder\")\n    parser.add_argument(\"--encoder_path\", type=str, default=None)\n    parser.add_argument(\"--config\", type=str, default=\"CVAE_BASE\", help=\"To select configuration from config.json\")\n    args = parser.parse_args()\n    config_key = args.config\n    datapath = args.datapath\n    path_to_model = args.encoder_path\n\n    with open(Constants.CONFIG_PATH, 'r') as f:\n        configuration = json.load(f)[config_key]\n\n    # Parse configuration file\n    clustering_model = configuration['cluster_model']\n    encoding_model = configuration['enc_model']\n    batch_size = configuration['batch_size']\n    seed = configuration['seed']\n    n_epochs = configuration['n_epochs']\n    lr = configuration['lr']\n    n_clusters = configuration['n_clusters']\n    train_subset = configuration['train_subset']\n    overlapped = configuration['overlapped']\n    encode = configuration['encode']\n    cluster = configuration['cluster']\n    latent_dim = configuration['latent_dim']\n    flattened = False  # Default\n    device = 'cuda' if torch.cuda.is_available() else 'cpu'\n\n    # Set all seeds for full reproducibility\n    np.random.seed(seed)\n    torch.manual_seed(seed)\n    torch.cuda.manual_seed_all(seed)\n    torch.backends.cudnn.benchmark = False\n    torch.backends.cudnn.deterministic = True\n\n    # Set up Comet Experiment tracking\n    experiment = OfflineExperiment(project_name='general',\n                                   workspace='benjaminbenoit',  # Replace this with appropriate comet workspace\n                                   offline_directory=\"experiments\")\n    experiment.set_name(\n        name=args.config + \"_dim={}_cluster={}_overlapped={}\".format(latent_dim, n_clusters, overlapped))\n    experiment.log_parameters(configuration)\n\n    # Initialize necessary objects\n    if clustering_model == 'kmeans':\n        clustering_model = KMeansClustering(n_clusters, seed)\n    elif clustering_model == 'gmm':\n        clustering_model = GMMClustering(n_clusters, seed)\n    else:\n        print('No clustering model specified. Using Kmeans.')\n        clustering_model = KMeansClustering(n_clusters, seed)\n\n    if encoding_model == 'pca':\n        encoding_model = PCAEncoder(seed)\n        flattened = True\n    elif encoding_model == 'vae':\n        encoding_model = VAE(latent_dim=latent_dim).to(device)\n        flattened = True\n    elif encoding_model == \"ae\":\n        encoding_model = AE(latent_dim=latent_dim).to(device)\n        flattened = True\n    elif encoding_model == \"cae\":\n        encoding_model = CAE(latent_dim=latent_dim).to(device)\n        flattened = False\n    elif encoding_model == \"cvae\":\n        print(\"encoding model is cvae\")\n        encoding_model = CVAE(latent_dim=latent_dim).to(device)\n        flattened = False\n    else:\n        print('No encoding model specified. Using PCA.')\n        encoding_model = PCAEncoder(seed)\n\n    # Initiate experiment\n    main(datapath, clustering_model, encoding_model, batch_size, n_epochs, lr, flattened, device, overlapped,\n         experiment, encode, cluster, train_subset, path_to_model)\n","context":null,"env_details":null,"fileName":null,"git_meta":null,"gpu_static_info":null,"graph":null,"html":null,"htmlOverride":null,"installed_packages":null,"local_timestamp":1553882081422,"log_dependency":null,"log_other":null,"log_system_info":null,"metric":null,"offset":2,"os_packages":null,"param":null,"params":null,"stderr":null,"stdout":null},"type":"ws_msg"}
{"payload":{"code":null,"context":null,"env_details":null,"fileName":null,"git_meta":null,"gpu_static_info":null,"graph":null,"html":null,"htmlOverride":null,"installed_packages":["appdirs==1.4.3","asn1crypto==0.24.0","attrs==19.1.0","backcall==0.1.0","bleach==3.1.0","blessings==1.7","bokeh==1.0.4","certifi==2019.3.9","cffi==1.12.2","chardet==3.0.4","cloudpickle==0.8.0","comet-git-pure==0.19.11","comet-ml==1.0.49","conda==4.6.8","configobj==5.0.6","cryptography==2.6.1","cycler==0.10.0","cython==0.29.6","cytoolz==0.9.0.1","dask==1.1.4","decorator==4.4.0","defusedxml==0.5.0","easydict==1.9","entrypoints==0.3","everett==1.0.2","faiss==0.1","flake8==3.7.7","gpustat==0.5.0","holoviews==1.11.3","idna==2.8","imageio==2.5.0","ipykernel==5.1.0","ipython-genutils==0.2.0","ipython==7.1.1","ipywidgets==7.4.2","jedi==0.13.3","jinja2==2.10","joblib==0.13.2","jsonschema==3.0.1","jupyter-client==5.2.4","jupyter-console==6.0.0","jupyter-core==4.4.0","jupyter==1.0.0","kiwisolver==1.0.1","markupsafe==1.1.1","matplotlib==3.0.3","mccabe==0.6.1","mistune==0.8.4","mkl-fft==1.0.10","mkl-random==1.0.2","multicoretsne==0.1","nbconvert==5.4.1","nbformat==4.4.0","netifaces==0.10.9","networkx==2.2","notebook==5.7.7","numpy==1.16.2","nvidia-ml-py3==7.352.0","olefile==0.46","packaging==19.0","pandas==0.24.2","pandocfilters==1.4.2","param==1.8.2","parso==0.3.4","patsy==0.5.1","pexpect==4.6.0","pickleshare==0.7.5","pillow==5.4.1","pip==19.0.3","prometheus-client==0.6.0","prompt-toolkit==2.0.9","protobuf==3.7.0","psutil==5.6.1","ptyprocess==0.6.0","pycodestyle==2.5.0","pycosat==0.6.3","pycparser==2.19","pyflakes==2.1.1","pygments==2.3.1","pyopenssl==19.0.0","pyparsing==2.3.1","pyrsistent==0.14.11","pysocks==1.6.8","python-dateutil==2.8.0","pytz==2018.9","pyviz-comms==0.7.0","pywavelets==1.0.2","pyyaml==5.1","pyzmq==18.0.0","qtconsole==4.4.3","requests==2.21.0","ruamel-yaml==0.15.46","ruamel.yaml==0.15.89","scikit-image==0.14.2","scikit-learn==0.20.3","scikit-optimize==0.5.2","scipy==1.2.1","seaborn==0.9.0","send2trash==1.5.0","setuptools==40.8.0","six==1.12.0","statsmodels==0.9.0","tensorboardx==1.6","terminado==0.8.1","testpath==0.4.2","toolz==0.9.0","torch==1.0.0","torchvision==0.2.1","tornado==6.0.2","tqdm==4.31.1","traitlets==4.3.2","urllib3==1.24.1","wcwidth==0.1.7","webencodings==0.5.1","websocket-client==0.56.0","wheel==0.33.1","widgetsnbextension==3.4.2","wurlitzer==1.0.2","yacs==0.1.6"],"local_timestamp":1553882081422,"log_dependency":null,"log_other":null,"log_system_info":null,"metric":null,"offset":3,"os_packages":null,"param":null,"params":null,"stderr":null,"stdout":null},"type":"ws_msg"}
{"payload":{"code":null,"context":null,"env_details":null,"fileName":null,"git_meta":null,"gpu_static_info":null,"graph":null,"html":null,"htmlOverride":null,"installed_packages":null,"local_timestamp":1553882081434,"log_dependency":null,"log_other":null,"log_system_info":null,"metric":null,"offset":4,"os_packages":null,"param":null,"params":null,"stderr":true,"stdout":"COMET WARNING: Failing to collect the installed os packages\n"},"type":"ws_msg"}
{"payload":{"code":null,"context":null,"env_details":null,"fileName":null,"git_meta":null,"gpu_static_info":null,"graph":null,"html":null,"htmlOverride":null,"installed_packages":null,"local_timestamp":1553882081514,"log_dependency":null,"log_other":null,"log_system_info":null,"metric":null,"offset":5,"os_packages":null,"param":null,"params":null,"stderr":true,"stdout":"COMET WARNING: Failed to log ip\n"},"type":"ws_msg"}
{"payload":{"code":null,"context":null,"env_details":{"command":["train.py"],"hostname":"gpu-k80-06","ip":null,"network_interfaces_ips":["127.0.0.1","10.10.1.206","10.12.3.6"],"os":"Linux-2.6.32-754.6.3.el6.x86_64-x86_64-with-debian-stretch-sid","os_type":"Linux","pid":182085,"python_exe":"/miniconda/bin/python","python_version":"3.6.8","python_version_verbose":"3.6.8 |Anaconda, Inc.| (default, Dec 30 2018, 01:22:34) \n[GCC 7.3.0]","user":"user11"},"fileName":null,"git_meta":null,"gpu_static_info":null,"graph":null,"html":null,"htmlOverride":null,"installed_packages":null,"local_timestamp":1553882081432,"log_dependency":null,"log_other":null,"log_system_info":null,"metric":null,"offset":6,"os_packages":null,"param":null,"params":null,"stderr":null,"stdout":null},"type":"ws_msg"}
{"payload":{"code":null,"context":null,"env_details":null,"fileName":null,"git_meta":null,"gpu_static_info":[{"gpu_index":0,"name":"Tesla K80","power_limit":149000,"total_memory":11996954624,"uuid":"GPU-43a0854f-ae8c-3af3-40a8-54207501c269"}],"graph":null,"html":null,"htmlOverride":null,"installed_packages":null,"local_timestamp":1553882081534,"log_dependency":null,"log_other":null,"log_system_info":null,"metric":null,"offset":7,"os_packages":null,"param":null,"params":null,"stderr":null,"stdout":null},"type":"ws_msg"}
{"payload":{"code":null,"context":null,"env_details":null,"fileName":null,"git_meta":null,"gpu_static_info":null,"graph":null,"html":null,"htmlOverride":null,"installed_packages":null,"local_timestamp":1553882081535,"log_dependency":null,"log_other":null,"log_system_info":null,"metric":{"metricName":"sys.gpu.0.total_memory","metricValue":11996954624,"step":null},"offset":8,"os_packages":null,"param":null,"params":null,"stderr":null,"stdout":null},"type":"ws_msg"}
{"payload":{"code":null,"context":null,"env_details":null,"fileName":null,"git_meta":null,"gpu_static_info":null,"graph":null,"html":null,"htmlOverride":null,"installed_packages":null,"local_timestamp":1553882081541,"log_dependency":null,"log_other":null,"log_system_info":null,"metric":{"metricName":"sys.gpu.0.free_memory","metricValue":11985420288,"step":null},"offset":9,"os_packages":null,"param":null,"params":null,"stderr":null,"stdout":null},"type":"ws_msg"}
{"payload":{"code":null,"context":null,"env_details":null,"fileName":null,"git_meta":null,"gpu_static_info":null,"graph":null,"html":null,"htmlOverride":null,"installed_packages":null,"local_timestamp":1553882081542,"log_dependency":null,"log_other":null,"log_system_info":null,"metric":{"metricName":"sys.gpu.0.used_memory","metricValue":11534336,"step":null},"offset":10,"os_packages":null,"param":null,"params":null,"stderr":null,"stdout":null},"type":"ws_msg"}
{"payload":{"code":null,"context":null,"env_details":null,"fileName":null,"git_meta":null,"gpu_static_info":null,"graph":null,"html":null,"htmlOverride":null,"installed_packages":null,"local_timestamp":1553882081542,"log_dependency":null,"log_other":null,"log_system_info":null,"metric":{"metricName":"sys.gpu.0.gpu_utilization","metricValue":0,"step":null},"offset":11,"os_packages":null,"param":null,"params":null,"stderr":null,"stdout":null},"type":"ws_msg"}
{"payload":{"code":null,"context":null,"env_details":null,"fileName":null,"git_meta":{"branch":"refs/heads/newCodeBaseline","origin":"https://github.com/swechhachoudhary/ift6759-horoma.git","parent":"5245c798a2e6bc3b7daea4deceadfd25c0ffecee","repo_name":"ift6759-horoma","root":"619b6b48773e721629722e4d83ca221f2c8e399a","status":null,"user":null},"gpu_static_info":null,"graph":null,"html":null,"htmlOverride":null,"installed_packages":null,"local_timestamp":1553882081620,"log_dependency":null,"log_other":null,"log_system_info":null,"metric":null,"offset":12,"os_packages":null,"param":null,"params":null,"stderr":null,"stdout":null},"type":"ws_msg"}
{"payload":{"code":null,"context":null,"env_details":null,"fileName":null,"git_meta":null,"gpu_static_info":null,"graph":null,"html":null,"htmlOverride":null,"installed_packages":null,"local_timestamp":1553882081720,"log_dependency":null,"log_other":null,"log_system_info":null,"metric":null,"offset":13,"os_packages":null,"param":null,"params":null,"stderr":true,"stdout":"COMET ERROR: Failed to log git patch\n"},"type":"ws_msg"}
{"payload":{"code":null,"context":null,"env_details":null,"fileName":null,"git_meta":null,"gpu_static_info":null,"graph":null,"html":null,"htmlOverride":null,"installed_packages":null,"local_timestamp":1553882081722,"log_dependency":null,"log_other":{"key":"Name","val":"CVAE_BASE_dim=10_cluster=21_overlapped=False"},"log_system_info":null,"metric":null,"offset":14,"os_packages":null,"param":null,"params":null,"stderr":null,"stdout":null},"type":"ws_msg"}
{"payload":{"code":null,"context":null,"env_details":null,"fileName":null,"git_meta":null,"gpu_static_info":null,"graph":null,"html":null,"htmlOverride":null,"installed_packages":null,"local_timestamp":1553882081722,"log_dependency":null,"log_other":null,"log_system_info":null,"metric":null,"offset":15,"os_packages":null,"param":{"paramName":"batch_size","paramValue":128,"step":null},"params":null,"stderr":null,"stdout":null},"type":"ws_msg"}
{"payload":{"code":null,"context":null,"env_details":null,"fileName":null,"git_meta":null,"gpu_static_info":null,"graph":null,"html":null,"htmlOverride":null,"installed_packages":null,"local_timestamp":1553882081722,"log_dependency":null,"log_other":null,"log_system_info":null,"metric":null,"offset":16,"os_packages":null,"param":{"paramName":"cluster","paramValue":false,"step":null},"params":null,"stderr":null,"stdout":null},"type":"ws_msg"}
{"payload":{"code":null,"context":null,"env_details":null,"fileName":null,"git_meta":null,"gpu_static_info":null,"graph":null,"html":null,"htmlOverride":null,"installed_packages":null,"local_timestamp":1553882081722,"log_dependency":null,"log_other":null,"log_system_info":null,"metric":null,"offset":17,"os_packages":null,"param":{"paramName":"cluster_model","paramValue":"kmeans","step":null},"params":null,"stderr":null,"stdout":null},"type":"ws_msg"}
{"payload":{"code":null,"context":null,"env_details":null,"fileName":null,"git_meta":null,"gpu_static_info":null,"graph":null,"html":null,"htmlOverride":null,"installed_packages":null,"local_timestamp":1553882081722,"log_dependency":null,"log_other":null,"log_system_info":null,"metric":null,"offset":18,"os_packages":null,"param":{"paramName":"enc_model","paramValue":"cvae","step":null},"params":null,"stderr":null,"stdout":null},"type":"ws_msg"}
{"payload":{"code":null,"context":null,"env_details":null,"fileName":null,"git_meta":null,"gpu_static_info":null,"graph":null,"html":null,"htmlOverride":null,"installed_packages":null,"local_timestamp":1553882081722,"log_dependency":null,"log_other":null,"log_system_info":null,"metric":null,"offset":19,"os_packages":null,"param":{"paramName":"encode","paramValue":true,"step":null},"params":null,"stderr":null,"stdout":null},"type":"ws_msg"}
{"payload":{"code":null,"context":null,"env_details":null,"fileName":null,"git_meta":null,"gpu_static_info":null,"graph":null,"html":null,"htmlOverride":null,"installed_packages":null,"local_timestamp":1553882081722,"log_dependency":null,"log_other":null,"log_system_info":null,"metric":null,"offset":20,"os_packages":null,"param":{"paramName":"latent_dim","paramValue":10,"step":null},"params":null,"stderr":null,"stdout":null},"type":"ws_msg"}
{"payload":{"code":null,"context":null,"env_details":null,"fileName":null,"git_meta":null,"gpu_static_info":null,"graph":null,"html":null,"htmlOverride":null,"installed_packages":null,"local_timestamp":1553882081722,"log_dependency":null,"log_other":null,"log_system_info":null,"metric":null,"offset":21,"os_packages":null,"param":{"paramName":"lr","paramValue":0.001,"step":null},"params":null,"stderr":null,"stdout":null},"type":"ws_msg"}
{"payload":{"code":null,"context":null,"env_details":null,"fileName":null,"git_meta":null,"gpu_static_info":null,"graph":null,"html":null,"htmlOverride":null,"installed_packages":null,"local_timestamp":1553882081722,"log_dependency":null,"log_other":null,"log_system_info":null,"metric":null,"offset":22,"os_packages":null,"param":{"paramName":"n_clusters","paramValue":21,"step":null},"params":null,"stderr":null,"stdout":null},"type":"ws_msg"}
{"payload":{"code":null,"context":null,"env_details":null,"fileName":null,"git_meta":null,"gpu_static_info":null,"graph":null,"html":null,"htmlOverride":null,"installed_packages":null,"local_timestamp":1553882081722,"log_dependency":null,"log_other":null,"log_system_info":null,"metric":null,"offset":23,"os_packages":null,"param":{"paramName":"n_epochs","paramValue":20,"step":null},"params":null,"stderr":null,"stdout":null},"type":"ws_msg"}
{"payload":{"code":null,"context":null,"env_details":null,"fileName":null,"git_meta":null,"gpu_static_info":null,"graph":null,"html":null,"htmlOverride":null,"installed_packages":null,"local_timestamp":1553882081722,"log_dependency":null,"log_other":null,"log_system_info":null,"metric":null,"offset":24,"os_packages":null,"param":{"paramName":"overlapped","paramValue":false,"step":null},"params":null,"stderr":null,"stdout":null},"type":"ws_msg"}
{"payload":{"code":null,"context":null,"env_details":null,"fileName":null,"git_meta":null,"gpu_static_info":null,"graph":null,"html":null,"htmlOverride":null,"installed_packages":null,"local_timestamp":1553882081722,"log_dependency":null,"log_other":null,"log_system_info":null,"metric":null,"offset":25,"os_packages":null,"param":{"paramName":"seed","paramValue":1234,"step":null},"params":null,"stderr":null,"stdout":null},"type":"ws_msg"}
{"payload":{"code":null,"context":null,"env_details":null,"fileName":null,"git_meta":null,"gpu_static_info":null,"graph":null,"html":null,"htmlOverride":null,"installed_packages":null,"local_timestamp":1553882081722,"log_dependency":null,"log_other":null,"log_system_info":null,"metric":null,"offset":26,"os_packages":null,"param":{"paramName":"train_subset","paramValue":500,"step":null},"params":null,"stderr":null,"stdout":null},"type":"ws_msg"}
{"payload":{"code":null,"context":null,"env_details":null,"fileName":null,"git_meta":null,"gpu_static_info":null,"graph":null,"html":null,"htmlOverride":null,"installed_packages":null,"local_timestamp":1553882081731,"log_dependency":null,"log_other":null,"log_system_info":null,"metric":null,"offset":27,"os_packages":null,"param":null,"params":null,"stderr":false,"stdout":"encoding model is cvae"},"type":"ws_msg"}
{"payload":{"code":null,"context":null,"env_details":null,"fileName":null,"git_meta":null,"gpu_static_info":null,"graph":null,"html":null,"htmlOverride":null,"installed_packages":null,"local_timestamp":1553882081731,"log_dependency":null,"log_other":null,"log_system_info":null,"metric":null,"offset":28,"os_packages":null,"param":null,"params":null,"stderr":false,"stdout":"\n"},"type":"ws_msg"}
{"payload":{"code":null,"context":null,"env_details":null,"fileName":null,"git_meta":null,"gpu_static_info":null,"graph":null,"html":null,"htmlOverride":null,"installed_packages":null,"local_timestamp":1553882090184,"log_dependency":null,"log_other":null,"log_system_info":null,"metric":null,"offset":29,"os_packages":null,"param":null,"params":null,"stderr":false,"stdout":"Loading datasets from (/rap/jvb-000-aa/COURS2019/etudiants/data/horoma) ..."},"type":"ws_msg"}
{"payload":{"code":null,"context":null,"env_details":null,"fileName":null,"git_meta":null,"gpu_static_info":null,"graph":null,"html":null,"htmlOverride":null,"installed_packages":null,"local_timestamp":1553882090185,"log_dependency":null,"log_other":null,"log_system_info":null,"metric":null,"offset":30,"os_packages":null,"param":null,"params":null,"stderr":false,"stdout":" "},"type":"ws_msg"}
{"payload":{"code":null,"context":null,"env_details":null,"fileName":null,"git_meta":null,"gpu_static_info":null,"graph":null,"html":null,"htmlOverride":null,"installed_packages":null,"local_timestamp":1553882090195,"log_dependency":null,"log_other":null,"log_system_info":null,"metric":null,"offset":31,"os_packages":null,"param":null,"params":null,"stderr":false,"stdout":"Done in 0.01 sec"},"type":"ws_msg"}
{"payload":{"code":null,"context":null,"env_details":null,"fileName":null,"git_meta":null,"gpu_static_info":null,"graph":null,"html":null,"htmlOverride":null,"installed_packages":null,"local_timestamp":1553882090195,"log_dependency":null,"log_other":null,"log_system_info":null,"metric":null,"offset":32,"os_packages":null,"param":null,"params":null,"stderr":false,"stdout":"\n"},"type":"ws_msg"}
{"payload":{"code":null,"context":null,"env_details":null,"fileName":null,"git_meta":null,"gpu_static_info":null,"graph":null,"html":null,"htmlOverride":null,"installed_packages":null,"local_timestamp":1553882090216,"log_dependency":null,"log_other":null,"log_system_info":null,"metric":null,"offset":33,"os_packages":null,"param":null,"params":null,"stderr":false,"stdout":"Shape of training set: "},"type":"ws_msg"}
{"payload":{"code":null,"context":null,"env_details":null,"fileName":null,"git_meta":null,"gpu_static_info":null,"graph":null,"html":null,"htmlOverride":null,"installed_packages":null,"local_timestamp":1553882090217,"log_dependency":null,"log_other":null,"log_system_info":null,"metric":null,"offset":34,"os_packages":null,"param":null,"params":null,"stderr":false,"stdout":" "},"type":"ws_msg"}
{"payload":{"code":null,"context":null,"env_details":null,"fileName":null,"git_meta":null,"gpu_static_info":null,"graph":null,"html":null,"htmlOverride":null,"installed_packages":null,"local_timestamp":1553882090217,"log_dependency":null,"log_other":null,"log_system_info":null,"metric":null,"offset":35,"os_packages":null,"param":null,"params":null,"stderr":false,"stdout":"(500, 3, 32, 32)"},"type":"ws_msg"}
{"payload":{"code":null,"context":null,"env_details":null,"fileName":null,"git_meta":null,"gpu_static_info":null,"graph":null,"html":null,"htmlOverride":null,"installed_packages":null,"local_timestamp":1553882090217,"log_dependency":null,"log_other":null,"log_system_info":null,"metric":null,"offset":36,"os_packages":null,"param":null,"params":null,"stderr":false,"stdout":"\n"},"type":"ws_msg"}
{"payload":{"code":null,"context":null,"env_details":null,"fileName":null,"git_meta":null,"gpu_static_info":null,"graph":null,"html":null,"htmlOverride":null,"installed_packages":null,"local_timestamp":1553882090479,"log_dependency":null,"log_other":null,"log_system_info":null,"metric":null,"offset":37,"os_packages":null,"param":null,"params":null,"stderr":false,"stdout":"Shape of labeled training set: "},"type":"ws_msg"}
{"payload":{"code":null,"context":null,"env_details":null,"fileName":null,"git_meta":null,"gpu_static_info":null,"graph":null,"html":null,"htmlOverride":null,"installed_packages":null,"local_timestamp":1553882090479,"log_dependency":null,"log_other":null,"log_system_info":null,"metric":null,"offset":38,"os_packages":null,"param":null,"params":null,"stderr":false,"stdout":" "},"type":"ws_msg"}
{"payload":{"code":null,"context":null,"env_details":null,"fileName":null,"git_meta":null,"gpu_static_info":null,"graph":null,"html":null,"htmlOverride":null,"installed_packages":null,"local_timestamp":1553882090480,"log_dependency":null,"log_other":null,"log_system_info":null,"metric":null,"offset":39,"os_packages":null,"param":null,"params":null,"stderr":false,"stdout":"(186, 3, 32, 32)"},"type":"ws_msg"}
{"payload":{"code":null,"context":null,"env_details":null,"fileName":null,"git_meta":null,"gpu_static_info":null,"graph":null,"html":null,"htmlOverride":null,"installed_packages":null,"local_timestamp":1553882090480,"log_dependency":null,"log_other":null,"log_system_info":null,"metric":null,"offset":40,"os_packages":null,"param":null,"params":null,"stderr":false,"stdout":"\n"},"type":"ws_msg"}
{"payload":{"code":null,"context":null,"env_details":null,"fileName":null,"git_meta":null,"gpu_static_info":null,"graph":null,"html":null,"htmlOverride":null,"installed_packages":null,"local_timestamp":1553882090498,"log_dependency":null,"log_other":null,"log_system_info":null,"metric":null,"offset":41,"os_packages":null,"param":null,"params":null,"stderr":false,"stdout":"Shape of validation dataset: "},"type":"ws_msg"}
{"payload":{"code":null,"context":null,"env_details":null,"fileName":null,"git_meta":null,"gpu_static_info":null,"graph":null,"html":null,"htmlOverride":null,"installed_packages":null,"local_timestamp":1553882090499,"log_dependency":null,"log_other":null,"log_system_info":null,"metric":null,"offset":42,"os_packages":null,"param":null,"params":null,"stderr":false,"stdout":" "},"type":"ws_msg"}
{"payload":{"code":null,"context":null,"env_details":null,"fileName":null,"git_meta":null,"gpu_static_info":null,"graph":null,"html":null,"htmlOverride":null,"installed_packages":null,"local_timestamp":1553882090499,"log_dependency":null,"log_other":null,"log_system_info":null,"metric":null,"offset":43,"os_packages":null,"param":null,"params":null,"stderr":false,"stdout":"(66, 3, 32, 32)"},"type":"ws_msg"}
{"payload":{"code":null,"context":null,"env_details":null,"fileName":null,"git_meta":null,"gpu_static_info":null,"graph":null,"html":null,"htmlOverride":null,"installed_packages":null,"local_timestamp":1553882090499,"log_dependency":null,"log_other":null,"log_system_info":null,"metric":null,"offset":44,"os_packages":null,"param":null,"params":null,"stderr":false,"stdout":"\n"},"type":"ws_msg"}
{"payload":{"code":null,"context":null,"env_details":null,"fileName":null,"git_meta":null,"gpu_static_info":null,"graph":null,"html":null,"htmlOverride":null,"installed_packages":null,"local_timestamp":1553882090500,"log_dependency":null,"log_other":null,"log_system_info":null,"metric":null,"offset":45,"os_packages":null,"param":null,"params":null,"stderr":false,"stdout":"Before encoding_model.fit"},"type":"ws_msg"}
{"payload":{"code":null,"context":null,"env_details":null,"fileName":null,"git_meta":null,"gpu_static_info":null,"graph":null,"html":null,"htmlOverride":null,"installed_packages":null,"local_timestamp":1553882090500,"log_dependency":null,"log_other":null,"log_system_info":null,"metric":null,"offset":46,"os_packages":null,"param":null,"params":null,"stderr":false,"stdout":"\n"},"type":"ws_msg"}
{"payload":{"code":null,"context":null,"env_details":null,"fileName":null,"git_meta":null,"gpu_static_info":null,"graph":null,"html":null,"htmlOverride":null,"installed_packages":null,"local_timestamp":1553882090501,"log_dependency":null,"log_other":null,"log_system_info":null,"metric":null,"offset":47,"os_packages":null,"param":null,"params":null,"stderr":false,"stdout":"lr is "},"type":"ws_msg"}
{"payload":{"code":null,"context":null,"env_details":null,"fileName":null,"git_meta":null,"gpu_static_info":null,"graph":null,"html":null,"htmlOverride":null,"installed_packages":null,"local_timestamp":1553882090501,"log_dependency":null,"log_other":null,"log_system_info":null,"metric":null,"offset":48,"os_packages":null,"param":null,"params":null,"stderr":false,"stdout":"\n"},"type":"ws_msg"}
{"payload":{"code":null,"context":null,"env_details":null,"fileName":null,"git_meta":null,"gpu_static_info":null,"graph":null,"html":null,"htmlOverride":null,"installed_packages":null,"local_timestamp":1553882090501,"log_dependency":null,"log_other":null,"log_system_info":null,"metric":null,"offset":49,"os_packages":null,"param":null,"params":null,"stderr":false,"stdout":"0.001"},"type":"ws_msg"}
{"payload":{"code":null,"context":null,"env_details":null,"fileName":null,"git_meta":null,"gpu_static_info":null,"graph":null,"html":null,"htmlOverride":null,"installed_packages":null,"local_timestamp":1553882090502,"log_dependency":null,"log_other":null,"log_system_info":null,"metric":null,"offset":50,"os_packages":null,"param":null,"params":null,"stderr":false,"stdout":"\n"},"type":"ws_msg"}
{"payload":{"code":null,"context":null,"env_details":null,"fileName":null,"git_meta":null,"gpu_static_info":null,"graph":null,"html":null,"htmlOverride":null,"installed_packages":null,"local_timestamp":1553882090502,"log_dependency":null,"log_other":null,"log_system_info":null,"metric":null,"offset":51,"os_packages":null,"param":null,"params":null,"stderr":false,"stdout":"device is "},"type":"ws_msg"}
{"payload":{"code":null,"context":null,"env_details":null,"fileName":null,"git_meta":null,"gpu_static_info":null,"graph":null,"html":null,"htmlOverride":null,"installed_packages":null,"local_timestamp":1553882090503,"log_dependency":null,"log_other":null,"log_system_info":null,"metric":null,"offset":52,"os_packages":null,"param":null,"params":null,"stderr":false,"stdout":"\n"},"type":"ws_msg"}
{"payload":{"code":null,"context":null,"env_details":null,"fileName":null,"git_meta":null,"gpu_static_info":null,"graph":null,"html":null,"htmlOverride":null,"installed_packages":null,"local_timestamp":1553882090503,"log_dependency":null,"log_other":null,"log_system_info":null,"metric":null,"offset":53,"os_packages":null,"param":null,"params":null,"stderr":false,"stdout":"cuda"},"type":"ws_msg"}
{"payload":{"code":null,"context":null,"env_details":null,"fileName":null,"git_meta":null,"gpu_static_info":null,"graph":null,"html":null,"htmlOverride":null,"installed_packages":null,"local_timestamp":1553882090503,"log_dependency":null,"log_other":null,"log_system_info":null,"metric":null,"offset":54,"os_packages":null,"param":null,"params":null,"stderr":false,"stdout":"\n"},"type":"ws_msg"}
{"payload":{"code":null,"context":null,"env_details":null,"fileName":null,"git_meta":null,"gpu_static_info":null,"graph":null,"html":null,"htmlOverride":null,"installed_packages":null,"local_timestamp":1553882090504,"log_dependency":null,"log_other":null,"log_system_info":null,"metric":null,"offset":55,"os_packages":null,"param":null,"params":null,"stderr":false,"stdout":"experiemnt is "},"type":"ws_msg"}
{"payload":{"code":null,"context":null,"env_details":null,"fileName":null,"git_meta":null,"gpu_static_info":null,"graph":null,"html":null,"htmlOverride":null,"installed_packages":null,"local_timestamp":1553882090504,"log_dependency":null,"log_other":null,"log_system_info":null,"metric":null,"offset":56,"os_packages":null,"param":null,"params":null,"stderr":false,"stdout":"\n"},"type":"ws_msg"}
{"payload":{"code":null,"context":null,"env_details":null,"fileName":null,"git_meta":null,"gpu_static_info":null,"graph":null,"html":null,"htmlOverride":null,"installed_packages":null,"local_timestamp":1553882090505,"log_dependency":null,"log_other":null,"log_system_info":null,"metric":null,"offset":57,"os_packages":null,"param":null,"params":null,"stderr":false,"stdout":"<comet_ml.offline.OfflineExperiment object at 0x2b2ac1ecbef0>"},"type":"ws_msg"}
{"payload":{"code":null,"context":null,"env_details":null,"fileName":null,"git_meta":null,"gpu_static_info":null,"graph":null,"html":null,"htmlOverride":null,"installed_packages":null,"local_timestamp":1553882090505,"log_dependency":null,"log_other":null,"log_system_info":null,"metric":null,"offset":58,"os_packages":null,"param":null,"params":null,"stderr":false,"stdout":"\n"},"type":"ws_msg"}
{"payload":{"code":null,"context":null,"env_details":null,"fileName":null,"git_meta":null,"gpu_static_info":null,"graph":null,"html":null,"htmlOverride":null,"installed_packages":null,"local_timestamp":1553882090505,"log_dependency":null,"log_other":null,"log_system_info":null,"metric":null,"offset":59,"os_packages":null,"param":null,"params":null,"stderr":false,"stdout":"batch siuze is "},"type":"ws_msg"}
{"payload":{"code":null,"context":null,"env_details":null,"fileName":null,"git_meta":null,"gpu_static_info":null,"graph":null,"html":null,"htmlOverride":null,"installed_packages":null,"local_timestamp":1553882090506,"log_dependency":null,"log_other":null,"log_system_info":null,"metric":null,"offset":60,"os_packages":null,"param":null,"params":null,"stderr":false,"stdout":"\n"},"type":"ws_msg"}
{"payload":{"code":null,"context":null,"env_details":null,"fileName":null,"git_meta":null,"gpu_static_info":null,"graph":null,"html":null,"htmlOverride":null,"installed_packages":null,"local_timestamp":1553882090506,"log_dependency":null,"log_other":null,"log_system_info":null,"metric":null,"offset":61,"os_packages":null,"param":null,"params":null,"stderr":false,"stdout":"128"},"type":"ws_msg"}
{"payload":{"code":null,"context":null,"env_details":null,"fileName":null,"git_meta":null,"gpu_static_info":null,"graph":null,"html":null,"htmlOverride":null,"installed_packages":null,"local_timestamp":1553882090506,"log_dependency":null,"log_other":null,"log_system_info":null,"metric":null,"offset":62,"os_packages":null,"param":null,"params":null,"stderr":false,"stdout":"\n"},"type":"ws_msg"}
{"payload":{"code":null,"context":null,"env_details":null,"fileName":null,"git_meta":null,"gpu_static_info":null,"graph":null,"html":null,"htmlOverride":null,"installed_packages":null,"local_timestamp":1553882090507,"log_dependency":null,"log_other":null,"log_system_info":null,"metric":null,"offset":63,"os_packages":null,"param":null,"params":null,"stderr":false,"stdout":"trianing format is "},"type":"ws_msg"}
{"payload":{"code":null,"context":null,"env_details":null,"fileName":null,"git_meta":null,"gpu_static_info":null,"graph":null,"html":null,"htmlOverride":null,"installed_packages":null,"local_timestamp":1553882090507,"log_dependency":null,"log_other":null,"log_system_info":null,"metric":null,"offset":64,"os_packages":null,"param":null,"params":null,"stderr":false,"stdout":"\n"},"type":"ws_msg"}
{"payload":{"code":null,"context":null,"env_details":null,"fileName":null,"git_meta":null,"gpu_static_info":null,"graph":null,"html":null,"htmlOverride":null,"installed_packages":null,"local_timestamp":1553882090508,"log_dependency":null,"log_other":null,"log_system_info":null,"metric":null,"offset":65,"os_packages":null,"param":null,"params":null,"stderr":false,"stdout":"500"},"type":"ws_msg"}
{"payload":{"code":null,"context":null,"env_details":null,"fileName":null,"git_meta":null,"gpu_static_info":null,"graph":null,"html":null,"htmlOverride":null,"installed_packages":null,"local_timestamp":1553882090508,"log_dependency":null,"log_other":null,"log_system_info":null,"metric":null,"offset":66,"os_packages":null,"param":null,"params":null,"stderr":false,"stdout":"\n"},"type":"ws_msg"}
{"payload":{"code":null,"context":null,"env_details":null,"fileName":null,"git_meta":null,"gpu_static_info":null,"graph":null,"html":null,"htmlOverride":null,"installed_packages":null,"local_timestamp":1553882090508,"log_dependency":null,"log_other":null,"log_system_info":null,"metric":null,"offset":67,"os_packages":null,"param":null,"params":null,"stderr":false,"stdout":"number of epoch is "},"type":"ws_msg"}
{"payload":{"code":null,"context":null,"env_details":null,"fileName":null,"git_meta":null,"gpu_static_info":null,"graph":null,"html":null,"htmlOverride":null,"installed_packages":null,"local_timestamp":1553882090509,"log_dependency":null,"log_other":null,"log_system_info":null,"metric":null,"offset":68,"os_packages":null,"param":null,"params":null,"stderr":false,"stdout":"\n"},"type":"ws_msg"}
{"payload":{"code":null,"context":null,"env_details":null,"fileName":null,"git_meta":null,"gpu_static_info":null,"graph":null,"html":null,"htmlOverride":null,"installed_packages":null,"local_timestamp":1553882090509,"log_dependency":null,"log_other":null,"log_system_info":null,"metric":null,"offset":69,"os_packages":null,"param":null,"params":null,"stderr":false,"stdout":"20"},"type":"ws_msg"}
{"payload":{"code":null,"context":null,"env_details":null,"fileName":null,"git_meta":null,"gpu_static_info":null,"graph":null,"html":null,"htmlOverride":null,"installed_packages":null,"local_timestamp":1553882090510,"log_dependency":null,"log_other":null,"log_system_info":null,"metric":null,"offset":70,"os_packages":null,"param":null,"params":null,"stderr":false,"stdout":"\n"},"type":"ws_msg"}
{"payload":{"code":null,"context":null,"env_details":null,"fileName":null,"git_meta":null,"gpu_static_info":null,"graph":null,"html":null,"htmlOverride":null,"installed_packages":null,"local_timestamp":1553882090510,"log_dependency":null,"log_other":null,"log_system_info":null,"metric":null,"offset":71,"os_packages":null,"param":null,"params":null,"stderr":false,"stdout":"Within fit of conv autoencoder"},"type":"ws_msg"}
{"payload":{"code":null,"context":null,"env_details":null,"fileName":null,"git_meta":null,"gpu_static_info":null,"graph":null,"html":null,"htmlOverride":null,"installed_packages":null,"local_timestamp":1553882090510,"log_dependency":null,"log_other":null,"log_system_info":null,"metric":null,"offset":72,"os_packages":null,"param":null,"params":null,"stderr":false,"stdout":"\n"},"type":"ws_msg"}
{"payload":{"code":null,"context":null,"env_details":null,"fileName":null,"git_meta":null,"gpu_static_info":null,"graph":null,"html":null,"htmlOverride":null,"installed_packages":null,"local_timestamp":1553882090514,"log_dependency":null,"log_other":null,"log_system_info":null,"metric":null,"offset":73,"os_packages":null,"param":null,"params":null,"stderr":false,"stdout":"after get_ae_dataloaders"},"type":"ws_msg"}
{"payload":{"code":null,"context":null,"env_details":null,"fileName":null,"git_meta":null,"gpu_static_info":null,"graph":null,"html":null,"htmlOverride":null,"installed_packages":null,"local_timestamp":1553882090515,"log_dependency":null,"log_other":null,"log_system_info":null,"metric":null,"offset":74,"os_packages":null,"param":null,"params":null,"stderr":false,"stdout":"\n"},"type":"ws_msg"}
{"payload":{"code":null,"context":null,"env_details":null,"fileName":null,"git_meta":null,"gpu_static_info":null,"graph":"CVAE(\n  (encoder): Sequential(\n    (0): Conv2d(3, 64, kernel_size=(3, 3), stride=(1, 1), padding=(1, 1))\n    (1): BatchNorm2d(64, eps=1e-05, momentum=0.1, affine=True, track_running_stats=True)\n    (2): ReLU()\n    (3): Conv2d(64, 64, kernel_size=(4, 4), stride=(2, 2), padding=(1, 1))\n    (4): BatchNorm2d(64, eps=1e-05, momentum=0.1, affine=True, track_running_stats=True)\n    (5): ReLU()\n    (6): Conv2d(64, 32, kernel_size=(3, 3), stride=(1, 1), padding=(1, 1))\n    (7): BatchNorm2d(32, eps=1e-05, momentum=0.1, affine=True, track_running_stats=True)\n    (8): ReLU()\n    (9): Conv2d(32, 32, kernel_size=(4, 4), stride=(2, 2), padding=(1, 1))\n    (10): BatchNorm2d(32, eps=1e-05, momentum=0.1, affine=True, track_running_stats=True)\n    (11): ReLU()\n    (12): Conv2d(32, 16, kernel_size=(3, 3), stride=(1, 1), padding=(1, 1))\n    (13): BatchNorm2d(16, eps=1e-05, momentum=0.1, affine=True, track_running_stats=True)\n    (14): ReLU()\n    (15): Conv2d(16, 16, kernel_size=(4, 4), stride=(2, 2), padding=(1, 1))\n    (16): BatchNorm2d(16, eps=1e-05, momentum=0.1, affine=True, track_running_stats=True)\n    (17): ReLU()\n  )\n  (embedding_mu): Linear(in_features=256, out_features=10, bias=True)\n  (embedding_sigma): Linear(in_features=256, out_features=10, bias=True)\n  (decode_embedding): Linear(in_features=10, out_features=256, bias=True)\n  (decoder): Sequential(\n    (0): ConvTranspose2d(16, 32, kernel_size=(4, 4), stride=(2, 2), padding=(1, 1))\n    (1): BatchNorm2d(32, eps=1e-05, momentum=0.1, affine=True, track_running_stats=True)\n    (2): ReLU()\n    (3): ConvTranspose2d(32, 32, kernel_size=(3, 3), stride=(1, 1), padding=(1, 1))\n    (4): BatchNorm2d(32, eps=1e-05, momentum=0.1, affine=True, track_running_stats=True)\n    (5): ReLU()\n    (6): ConvTranspose2d(32, 64, kernel_size=(4, 4), stride=(2, 2), padding=(1, 1))\n    (7): BatchNorm2d(64, eps=1e-05, momentum=0.1, affine=True, track_running_stats=True)\n    (8): ReLU()\n    (9): ConvTranspose2d(64, 64, kernel_size=(3, 3), stride=(1, 1), padding=(1, 1))\n    (10): BatchNorm2d(64, eps=1e-05, momentum=0.1, affine=True, track_running_stats=True)\n    (11): ReLU()\n    (12): ConvTranspose2d(64, 3, kernel_size=(4, 4), stride=(2, 2), padding=(1, 1))\n    (13): BatchNorm2d(3, eps=1e-05, momentum=0.1, affine=True, track_running_stats=True)\n    (14): Sigmoid()\n  )\n)","html":null,"htmlOverride":null,"installed_packages":null,"local_timestamp":1553882090643,"log_dependency":null,"log_other":null,"log_system_info":null,"metric":null,"offset":75,"os_packages":null,"param":null,"params":null,"stderr":null,"stdout":null},"type":"ws_msg"}
{"payload":{"code":null,"context":null,"env_details":null,"fileName":null,"git_meta":null,"gpu_static_info":null,"graph":null,"html":null,"htmlOverride":null,"installed_packages":null,"local_timestamp":1553882090687,"log_dependency":null,"log_other":null,"log_system_info":null,"metric":null,"offset":76,"os_packages":null,"param":{"paramName":"curr_step","paramValue":0,"step":0},"params":null,"stderr":null,"stdout":null},"type":"ws_msg"}
{"payload":{"code":null,"context":null,"env_details":null,"fileName":null,"git_meta":null,"gpu_static_info":null,"graph":null,"html":null,"htmlOverride":null,"installed_packages":null,"local_timestamp":1553882090687,"log_dependency":null,"log_other":null,"log_system_info":null,"metric":{"metricName":"loss","metricValue":37635.171875,"step":0},"offset":77,"os_packages":null,"param":null,"params":null,"stderr":null,"stdout":null},"type":"ws_msg"}
{"payload":{"code":null,"context":null,"env_details":null,"fileName":null,"git_meta":null,"gpu_static_info":null,"graph":null,"html":null,"htmlOverride":null,"installed_packages":null,"local_timestamp":1553882090703,"log_dependency":null,"log_other":null,"log_system_info":null,"metric":null,"offset":78,"os_packages":null,"param":null,"params":null,"stderr":false,"stdout":"Train Epoch: 0 [0/512 (0%)]\tLoss: 294.024780"},"type":"ws_msg"}
{"payload":{"code":null,"context":null,"env_details":null,"fileName":null,"git_meta":null,"gpu_static_info":null,"graph":null,"html":null,"htmlOverride":null,"installed_packages":null,"local_timestamp":1553882090703,"log_dependency":null,"log_other":null,"log_system_info":null,"metric":null,"offset":79,"os_packages":null,"param":null,"params":null,"stderr":false,"stdout":"\n"},"type":"ws_msg"}
{"payload":{"code":null,"context":null,"env_details":null,"fileName":null,"git_meta":null,"gpu_static_info":null,"graph":null,"html":null,"htmlOverride":null,"installed_packages":null,"local_timestamp":1553882090904,"log_dependency":null,"log_other":null,"log_system_info":null,"metric":{"metricName":"Train loss","metricValue":235.1253701171875,"step":0},"offset":80,"os_packages":null,"param":null,"params":null,"stderr":null,"stdout":null},"type":"ws_msg"}
{"payload":{"code":null,"context":null,"env_details":null,"fileName":null,"git_meta":null,"gpu_static_info":null,"graph":null,"html":null,"htmlOverride":null,"installed_packages":null,"local_timestamp":1553882090926,"log_dependency":null,"log_other":null,"log_system_info":null,"metric":{"metricName":"Validation loss","metricValue":262.7516796875,"step":0},"offset":81,"os_packages":null,"param":null,"params":null,"stderr":null,"stdout":null},"type":"ws_msg"}
{"payload":{"code":null,"context":null,"env_details":null,"fileName":null,"git_meta":null,"gpu_static_info":null,"graph":null,"html":null,"htmlOverride":null,"installed_packages":null,"local_timestamp":1553882090927,"log_dependency":null,"log_other":null,"log_system_info":null,"metric":null,"offset":82,"os_packages":null,"param":null,"params":null,"stderr":false,"stdout":"Directory for logging experiments does not exist. Launch script from repository root."},"type":"ws_msg"}
{"payload":{"code":null,"context":null,"env_details":null,"fileName":null,"git_meta":null,"gpu_static_info":null,"graph":null,"html":null,"htmlOverride":null,"installed_packages":null,"local_timestamp":1553882090928,"log_dependency":null,"log_other":null,"log_system_info":null,"metric":null,"offset":83,"os_packages":null,"param":null,"params":null,"stderr":false,"stdout":"\n"},"type":"ws_msg"}
{"payload":{"code":null,"context":null,"env_details":null,"fileName":null,"git_meta":null,"gpu_static_info":null,"graph":null,"html":null,"htmlOverride":null,"installed_packages":null,"local_timestamp":1553882090928,"log_dependency":null,"log_other":null,"log_system_info":null,"metric":null,"offset":84,"os_packages":null,"param":null,"params":null,"stderr":true,"stdout":"Traceback (most recent call last):\n"},"type":"ws_msg"}
{"payload":{"code":null,"context":null,"env_details":null,"fileName":null,"git_meta":null,"gpu_static_info":null,"graph":null,"html":null,"htmlOverride":null,"installed_packages":null,"local_timestamp":1553882090929,"log_dependency":null,"log_other":null,"log_system_info":null,"metric":null,"offset":85,"os_packages":null,"param":null,"params":null,"stderr":true,"stdout":"  File \"train.py\", line 153, in <module>\n"},"type":"ws_msg"}
{"payload":{"code":null,"context":null,"env_details":null,"fileName":null,"git_meta":null,"gpu_static_info":null,"graph":null,"html":null,"htmlOverride":null,"installed_packages":null,"local_timestamp":1553882090930,"log_dependency":null,"log_other":null,"log_system_info":null,"metric":null,"offset":86,"os_packages":null,"param":null,"params":null,"stderr":true,"stdout":"    "},"type":"ws_msg"}
{"payload":{"code":null,"context":null,"env_details":null,"fileName":null,"git_meta":null,"gpu_static_info":null,"graph":null,"html":null,"htmlOverride":null,"installed_packages":null,"local_timestamp":1553882090931,"log_dependency":null,"log_other":null,"log_system_info":null,"metric":null,"offset":87,"os_packages":null,"param":null,"params":null,"stderr":true,"stdout":"experiment, encode, cluster, train_subset, path_to_model)"},"type":"ws_msg"}
{"payload":{"code":null,"context":null,"env_details":null,"fileName":null,"git_meta":null,"gpu_static_info":null,"graph":null,"html":null,"htmlOverride":null,"installed_packages":null,"local_timestamp":1553882090931,"log_dependency":null,"log_other":null,"log_system_info":null,"metric":null,"offset":88,"os_packages":null,"param":null,"params":null,"stderr":true,"stdout":"\n"},"type":"ws_msg"}
{"payload":{"code":null,"context":null,"env_details":null,"fileName":null,"git_meta":null,"gpu_static_info":null,"graph":null,"html":null,"htmlOverride":null,"installed_packages":null,"local_timestamp":1553882090932,"log_dependency":null,"log_other":null,"log_system_info":null,"metric":null,"offset":89,"os_packages":null,"param":null,"params":null,"stderr":true,"stdout":"  File \"train.py\", line 54, in main\n"},"type":"ws_msg"}
{"payload":{"code":null,"context":null,"env_details":null,"fileName":null,"git_meta":null,"gpu_static_info":null,"graph":null,"html":null,"htmlOverride":null,"installed_packages":null,"local_timestamp":1553882090933,"log_dependency":null,"log_other":null,"log_system_info":null,"metric":null,"offset":90,"os_packages":null,"param":null,"params":null,"stderr":true,"stdout":"    "},"type":"ws_msg"}
{"payload":{"code":null,"context":null,"env_details":null,"fileName":null,"git_meta":null,"gpu_static_info":null,"graph":null,"html":null,"htmlOverride":null,"installed_packages":null,"local_timestamp":1553882090934,"log_dependency":null,"log_other":null,"log_system_info":null,"metric":null,"offset":91,"os_packages":null,"param":null,"params":null,"stderr":true,"stdout":"lr=lr, device=device, experiment=experiment)"},"type":"ws_msg"}
{"payload":{"code":null,"context":null,"env_details":null,"fileName":null,"git_meta":null,"gpu_static_info":null,"graph":null,"html":null,"htmlOverride":null,"installed_packages":null,"local_timestamp":1553882090934,"log_dependency":null,"log_other":null,"log_system_info":null,"metric":null,"offset":92,"os_packages":null,"param":null,"params":null,"stderr":true,"stdout":"\n"},"type":"ws_msg"}
{"payload":{"code":null,"context":null,"env_details":null,"fileName":null,"git_meta":null,"gpu_static_info":null,"graph":null,"html":null,"htmlOverride":null,"installed_packages":null,"local_timestamp":1553882090934,"log_dependency":null,"log_other":null,"log_system_info":null,"metric":null,"offset":93,"os_packages":null,"param":null,"params":null,"stderr":true,"stdout":"  File \"/rap/jvb-000-aa/COURS2019/etudiants/user11/Block3/ift6759-horoma/models/encoders.py\", line 144, in fit\n"},"type":"ws_msg"}
{"payload":{"code":null,"context":null,"env_details":null,"fileName":null,"git_meta":null,"gpu_static_info":null,"graph":null,"html":null,"htmlOverride":null,"installed_packages":null,"local_timestamp":1553882090936,"log_dependency":null,"log_other":null,"log_system_info":null,"metric":null,"offset":94,"os_packages":null,"param":null,"params":null,"stderr":true,"stdout":"    "},"type":"ws_msg"}
{"payload":{"code":null,"context":null,"env_details":null,"fileName":null,"git_meta":null,"gpu_static_info":null,"graph":null,"html":null,"htmlOverride":null,"installed_packages":null,"local_timestamp":1553882090936,"log_dependency":null,"log_other":null,"log_system_info":null,"metric":null,"offset":95,"os_packages":null,"param":null,"params":null,"stderr":true,"stdout":"best_model = train_network(self, train_loader, valid_loader, optimizer, n_epochs, device, experiment)"},"type":"ws_msg"}
{"payload":{"code":null,"context":null,"env_details":null,"fileName":null,"git_meta":null,"gpu_static_info":null,"graph":null,"html":null,"htmlOverride":null,"installed_packages":null,"local_timestamp":1553882090937,"log_dependency":null,"log_other":null,"log_system_info":null,"metric":null,"offset":96,"os_packages":null,"param":null,"params":null,"stderr":true,"stdout":"\n"},"type":"ws_msg"}
{"payload":{"code":null,"context":null,"env_details":null,"fileName":null,"git_meta":null,"gpu_static_info":null,"graph":null,"html":null,"htmlOverride":null,"installed_packages":null,"local_timestamp":1553882090937,"log_dependency":null,"log_other":null,"log_system_info":null,"metric":null,"offset":97,"os_packages":null,"param":null,"params":null,"stderr":true,"stdout":"  File \"/rap/jvb-000-aa/COURS2019/etudiants/user11/Block3/ift6759-horoma/utils/model_utils.py\", line 120, in train_network\n"},"type":"ws_msg"}
{"payload":{"code":null,"context":null,"env_details":null,"fileName":null,"git_meta":null,"gpu_static_info":null,"graph":null,"html":null,"htmlOverride":null,"installed_packages":null,"local_timestamp":1553882090939,"log_dependency":null,"log_other":null,"log_system_info":null,"metric":null,"offset":98,"os_packages":null,"param":null,"params":null,"stderr":true,"stdout":"    "},"type":"ws_msg"}
{"payload":{"code":null,"context":null,"env_details":null,"fileName":null,"git_meta":null,"gpu_static_info":null,"graph":null,"html":null,"htmlOverride":null,"installed_packages":null,"local_timestamp":1553882090939,"log_dependency":null,"log_other":null,"log_system_info":null,"metric":null,"offset":99,"os_packages":null,"param":null,"params":null,"stderr":true,"stdout":"raise e"},"type":"ws_msg"}
{"payload":{"code":null,"context":null,"env_details":null,"fileName":null,"git_meta":null,"gpu_static_info":null,"graph":null,"html":null,"htmlOverride":null,"installed_packages":null,"local_timestamp":1553882090940,"log_dependency":null,"log_other":null,"log_system_info":null,"metric":null,"offset":100,"os_packages":null,"param":null,"params":null,"stderr":true,"stdout":"\n"},"type":"ws_msg"}
{"payload":{"code":null,"context":null,"env_details":null,"fileName":null,"git_meta":null,"gpu_static_info":null,"graph":null,"html":null,"htmlOverride":null,"installed_packages":null,"local_timestamp":1553882090940,"log_dependency":null,"log_other":null,"log_system_info":null,"metric":null,"offset":101,"os_packages":null,"param":null,"params":null,"stderr":true,"stdout":"  File \"/rap/jvb-000-aa/COURS2019/etudiants/user11/Block3/ift6759-horoma/utils/model_utils.py\", line 115, in train_network\n"},"type":"ws_msg"}
{"payload":{"code":null,"context":null,"env_details":null,"fileName":null,"git_meta":null,"gpu_static_info":null,"graph":null,"html":null,"htmlOverride":null,"installed_packages":null,"local_timestamp":1553882090942,"log_dependency":null,"log_other":null,"log_system_info":null,"metric":null,"offset":102,"os_packages":null,"param":null,"params":null,"stderr":true,"stdout":"    "},"type":"ws_msg"}
{"payload":{"code":null,"context":null,"env_details":null,"fileName":null,"git_meta":null,"gpu_static_info":null,"graph":null,"html":null,"htmlOverride":null,"installed_packages":null,"local_timestamp":1553882090942,"log_dependency":null,"log_other":null,"log_system_info":null,"metric":null,"offset":103,"os_packages":null,"param":null,"params":null,"stderr":true,"stdout":"}, \"experiment_models/\" + str(key) + '.tar')"},"type":"ws_msg"}
{"payload":{"code":null,"context":null,"env_details":null,"fileName":null,"git_meta":null,"gpu_static_info":null,"graph":null,"html":null,"htmlOverride":null,"installed_packages":null,"local_timestamp":1553882090942,"log_dependency":null,"log_other":null,"log_system_info":null,"metric":null,"offset":104,"os_packages":null,"param":null,"params":null,"stderr":true,"stdout":"\n"},"type":"ws_msg"}
{"payload":{"code":null,"context":null,"env_details":null,"fileName":null,"git_meta":null,"gpu_static_info":null,"graph":null,"html":null,"htmlOverride":null,"installed_packages":null,"local_timestamp":1553882090943,"log_dependency":null,"log_other":null,"log_system_info":null,"metric":null,"offset":105,"os_packages":null,"param":null,"params":null,"stderr":true,"stdout":"  File \"/miniconda/lib/python3.6/site-packages/torch/serialization.py\", line 218, in save\n"},"type":"ws_msg"}
{"payload":{"code":null,"context":null,"env_details":null,"fileName":null,"git_meta":null,"gpu_static_info":null,"graph":null,"html":null,"htmlOverride":null,"installed_packages":null,"local_timestamp":1553882090944,"log_dependency":null,"log_other":null,"log_system_info":null,"metric":null,"offset":106,"os_packages":null,"param":null,"params":null,"stderr":true,"stdout":"    "},"type":"ws_msg"}
{"payload":{"code":null,"context":null,"env_details":null,"fileName":null,"git_meta":null,"gpu_static_info":null,"graph":null,"html":null,"htmlOverride":null,"installed_packages":null,"local_timestamp":1553882090944,"log_dependency":null,"log_other":null,"log_system_info":null,"metric":null,"offset":107,"os_packages":null,"param":null,"params":null,"stderr":true,"stdout":"return _with_file_like(f, \"wb\", lambda f: _save(obj, f, pickle_module, pickle_protocol))"},"type":"ws_msg"}
{"payload":{"code":null,"context":null,"env_details":null,"fileName":null,"git_meta":null,"gpu_static_info":null,"graph":null,"html":null,"htmlOverride":null,"installed_packages":null,"local_timestamp":1553882090945,"log_dependency":null,"log_other":null,"log_system_info":null,"metric":null,"offset":108,"os_packages":null,"param":null,"params":null,"stderr":true,"stdout":"\n"},"type":"ws_msg"}
{"payload":{"code":null,"context":null,"env_details":null,"fileName":null,"git_meta":null,"gpu_static_info":null,"graph":null,"html":null,"htmlOverride":null,"installed_packages":null,"local_timestamp":1553882090945,"log_dependency":null,"log_other":null,"log_system_info":null,"metric":null,"offset":109,"os_packages":null,"param":null,"params":null,"stderr":true,"stdout":"  File \"/miniconda/lib/python3.6/site-packages/torch/serialization.py\", line 141, in _with_file_like\n"},"type":"ws_msg"}
{"payload":{"code":null,"context":null,"env_details":null,"fileName":null,"git_meta":null,"gpu_static_info":null,"graph":null,"html":null,"htmlOverride":null,"installed_packages":null,"local_timestamp":1553882090946,"log_dependency":null,"log_other":null,"log_system_info":null,"metric":null,"offset":110,"os_packages":null,"param":null,"params":null,"stderr":true,"stdout":"    "},"type":"ws_msg"}
{"payload":{"code":null,"context":null,"env_details":null,"fileName":null,"git_meta":null,"gpu_static_info":null,"graph":null,"html":null,"htmlOverride":null,"installed_packages":null,"local_timestamp":1553882090946,"log_dependency":null,"log_other":null,"log_system_info":null,"metric":null,"offset":111,"os_packages":null,"param":null,"params":null,"stderr":true,"stdout":"f = open(f, mode)"},"type":"ws_msg"}
{"payload":{"code":null,"context":null,"env_details":null,"fileName":null,"git_meta":null,"gpu_static_info":null,"graph":null,"html":null,"htmlOverride":null,"installed_packages":null,"local_timestamp":1553882090947,"log_dependency":null,"log_other":null,"log_system_info":null,"metric":null,"offset":112,"os_packages":null,"param":null,"params":null,"stderr":true,"stdout":"\n"},"type":"ws_msg"}
{"payload":{"code":null,"context":null,"env_details":null,"fileName":null,"git_meta":null,"gpu_static_info":null,"graph":null,"html":null,"htmlOverride":null,"installed_packages":null,"local_timestamp":1553882090947,"log_dependency":null,"log_other":null,"log_system_info":null,"metric":null,"offset":113,"os_packages":null,"param":null,"params":null,"stderr":true,"stdout":"FileNotFoundError"},"type":"ws_msg"}
{"payload":{"code":null,"context":null,"env_details":null,"fileName":null,"git_meta":null,"gpu_static_info":null,"graph":null,"html":null,"htmlOverride":null,"installed_packages":null,"local_timestamp":1553882090947,"log_dependency":null,"log_other":null,"log_system_info":null,"metric":null,"offset":114,"os_packages":null,"param":null,"params":null,"stderr":true,"stdout":": "},"type":"ws_msg"}
{"payload":{"code":null,"context":null,"env_details":null,"fileName":null,"git_meta":null,"gpu_static_info":null,"graph":null,"html":null,"htmlOverride":null,"installed_packages":null,"local_timestamp":1553882090948,"log_dependency":null,"log_other":null,"log_system_info":null,"metric":null,"offset":115,"os_packages":null,"param":null,"params":null,"stderr":true,"stdout":"[Errno 2] No such file or directory: 'experiment_models/588d0c9e29fc43929882b26af04a6665.tar'"},"type":"ws_msg"}
{"payload":{"code":null,"context":null,"env_details":null,"fileName":null,"git_meta":null,"gpu_static_info":null,"graph":null,"html":null,"htmlOverride":null,"installed_packages":null,"local_timestamp":1553882090948,"log_dependency":null,"log_other":null,"log_system_info":null,"metric":null,"offset":116,"os_packages":null,"param":null,"params":null,"stderr":true,"stdout":"\n"},"type":"ws_msg"}
