{"payload":{"code":null,"context":null,"env_details":null,"fileName":"/home/onu/Dev/ift6759/horoma/ift6759-horoma/ali_train.py","git_meta":null,"gpu_static_info":null,"graph":null,"html":null,"htmlOverride":null,"installed_packages":null,"local_timestamp":1554661617025,"log_dependency":null,"log_other":null,"log_system_info":null,"metric":null,"offset":1,"os_packages":null,"param":null,"params":null,"stderr":null,"stdout":null},"type":"ws_msg"}
{"payload":{"code":"from comet_ml import OfflineExperiment\nimport json\nimport argparse\nfrom models import *\nfrom models.clustering import *\nfrom utils.ali_utils import *\nfrom utils.utils import *\nfrom utils.utils import load_datasets\nfrom utils.constants import Constants\nfrom data.dataset import HoromaDataset\nimport torch\n\n\ndef main(datapath, clustering_model, encoding_model, configs, train_split, valid_split, train_labeled_split,\n         experiment, encode, cluster, train_subset=None, path_to_model=None):\n    \"\"\"\n    :param datapath: path to the directory containing the samples\n    :param clustering_model: which clustering model to use [kmeans, gmm].\n    :param encoding_model: which encoding model to use, convolutional, variational or simple autoencoders.\n    :param batch_size: batch size\n    :param n_epochs: number of epochs\n    :param lr: learning rate\n    :param flattened: If True return the images in a flatten format.\n    :param device: use CUDA device if available else CPU .\n    :param overlapped: boolean, if True use the overlapped pixel patches.\n    :param experiment: track experiment\n    :param encode: boolean, if True, train and apply encoding model.\n    :param cluster: boolean, if True, train and apply clustering model.\n    :param train_subset: How many elements will be used. Default: all.\n    :param path_to_model: path to the directory containing saved models.\n\n    \"\"\"\n    train = HoromaDataset(datapath, split=train_split, subset=train_subset,\n                          flattened=flattened)\n    labeled = HoromaDataset(datapath, split=train_labeled_split, subset=train_subset,\n                            flattened=flattened)\n    valid_data = HoromaDataset(\n        datapath, split=valid_split, subset=train_subset, flattened=flattened)\n\n    train_label_indices = labeled.targets\n    valid_indices = valid_data.targets\n    # train_label_indices, valid_indices = get_split_indices(\n    #     labeled.targets, overlapped=overlapped)\n\n    print(\"Shape of training set: \", train.data.shape)\n    print(\"Shape of validation set: \", valid_data.data.shape)\n    # print(\"Shape of labeled training set: \",\n    #       labeled.data[train_label_indices].shape)\n    # print(\"Shape of validation dataset: \", labeled.data[valid_indices].shape)\n\n    if encode:\n        # Train and apply encoding model\n        if encoding_model ==\"hali\":\n            Gx1,Gx2,Gz1,Gz2,Disc,z_pred1,z_pred2,optim_g,optim_d,train_loader,cuda =  initialize_hali(configs,train)\n            training_loop_hali(Gz1,Gz2,Gx1,Gx2,Disc,optim_d,optim_g,train_loader,configs,experiment,cuda,z_pred1,z_pred2)\n        else: #default to ALI\n            Gx,Gz,Disc,z_pred,optim_g,optim_d,train_loader,cuda = initialize_ali(configs,train)\n            training_loop_ali(Gz,Gx,Disc,optim_d,optim_g,train_loader,configs,experiment,cuda,z_pred)                    \n    # else:\n    #     if encoding_model ==\"hali\":\n    #     else: #default to ALI\n\n        # encoding_model.load_state_dict(torch.load(path_to_model)[\"model\"])\n        # train_enc = encode_dataset(encoding_model, train, batch_size, device)\n\n    if cluster:\n\n        train_labeled_enc = encoding_model.encode(\n            labeled[train_label_indices][0].to(device))\n        valid_enc = encoding_model.encode(labeled[valid_indices][0].to(device))\n\n        # Train and apply clustering model\n        clustering_model.train(train_enc)\n        cluster_labels = assign_labels_to_clusters(clustering_model, train_labeled_enc,\n                                                   labeled.targets[train_label_indices])\n        _, accuracy, f1 = eval_model_predictions(clustering_model, valid_enc, labeled.targets[valid_indices],\n                                                 cluster_labels)\n        experiment.log_metric('accuracy', accuracy)\n        experiment.log_metric('f1-score', f1)\n\n\n\n        # Save models\n        model = {'cluster': clustering_model,'cluster_labels': cluster_labels}\n        torch.save(model, configs['MODEL_PATH'] +\n                   str(experiment.get_key()) + '.pth')\n\n\nif __name__ == '__main__':\n\n    parser = argparse.ArgumentParser()\n    parser.add_argument(\"--datapath\", type=str, default=Constants.DATAPATH,\n                        help=\"Path to dataset folder\")\n    parser.add_argument(\"--encoder_path\", type=str, default=None)\n\n    parser.add_argument(\"--config\", type=str, default=\"CAE_BASE\",\n                        help=\"To select configuration from config.json\")\n    args = parser.parse_args()\n    config_key = args.config\n    datapath = args.datapath\n    path_to_model = args.encoder_path\n\n    with open(Constants.CONFIG_PATH, 'r') as f:\n        configuration = json.load(f)[config_key]\n\n    # Parse configuration file\n    clustering_model = configuration['cluster_model']\n    encoding_model = configuration['enc_model']\n    batch_size = configuration['batch_size']\n    seed = configuration['seed']\n    n_epochs = configuration['n_epochs']\n    # train_subset = configuration['train_subset']\n    train_split = configuration['train_split']\n    valid_split = configuration['valid_split']\n    train_labeled_split = configuration['train_labeled_split']\n    encode = configuration['encode']\n    cluster = configuration['cluster']\n    flattened = False  # Default\n    device = 'cuda' if torch.cuda.is_available() else 'cpu'\n\n    # Set all seeds for full reproducibility\n    np.random.seed(seed)\n    torch.manual_seed(seed)\n    torch.cuda.manual_seed_all(seed)\n    torch.backends.cudnn.benchmark = False\n    torch.backends.cudnn.deterministic = True\n\n    latent_dim = configuration['Zdim']\n\n    experiment = OfflineExperiment(project_name='general',\n                                   workspace='timothynest',  # Replace this with appropriate comet workspace\n                                   offline_directory=configuration['experiment'])\n    experiment.set_name(\n        name=args.config + \"_dim={}_overlapped={}\".format(latent_dim, train_split))\n    experiment.log_parameters(configuration)\n\n    # Initialize necessary objects\n    if clustering_model == 'kmeans':\n        clustering_model = KMeansClustering(n_clusters, seed)\n    elif clustering_model == 'gmm':\n        clustering_model = GMMClustering(n_clusters, seed)\n    elif clustering_model =='svm':\n        clustering_model = SVMClustering(seed)\n    else:\n        print('No clustering model specified. Using Kmeans.')\n        clustering_model = KMeansClustering(n_clusters, seed)\n\n\n    # Initiate experiment\n    main(datapath, clustering_model, encoding_model, configuration, train_split, valid_split, train_labeled_split,\n         experiment, encode, cluster, path_to_model=path_to_model)\n","context":null,"env_details":null,"fileName":null,"git_meta":null,"gpu_static_info":null,"graph":null,"html":null,"htmlOverride":null,"installed_packages":null,"local_timestamp":1554661617120,"log_dependency":null,"log_other":null,"log_system_info":null,"metric":null,"offset":2,"os_packages":null,"param":null,"params":null,"stderr":null,"stdout":null},"type":"ws_msg"}
{"payload":{"code":null,"context":null,"env_details":null,"fileName":null,"git_meta":null,"gpu_static_info":null,"graph":null,"html":null,"htmlOverride":null,"installed_packages":["absl-py==0.7.0","asn1crypto==0.24.0","astor==0.7.1","attrs==18.2.0","backcall==0.1.0","bash-kernel==0.7.1","beautifulsoup4==4.7.1","bleach==3.1.0","bs4==0.0.1","certifi==2018.11.29","cffi==1.11.5","chardet==3.0.4","comet-git-pure==0.19.11","comet-ml==1.0.50","conda==4.6.7","configobj==5.0.6","cryptography==2.4.2","cycler==0.10.0","decorator==4.3.2","defusedxml==0.5.0","entrypoints==0.3","everett==1.0.2","fooof==0.1.3","gast==0.2.2","grpcio==1.18.0","h5py==2.9.0","idna==2.8","ipykernel==5.1.0","ipython-genutils==0.2.0","ipython==7.3.0","ipywidgets==7.4.2","jedi==0.13.3","jinja2==2.10","joblib==0.13.2","jsonschema==3.0.0","jupyter-client==5.2.4","jupyter-console==6.0.0","jupyter-core==4.4.0","jupyter==1.0.0","keras-applications==1.0.7","keras-preprocessing==1.0.9","kiwisolver==1.0.1","markdown==3.0.1","markupsafe==1.1.1","matplotlib==3.0.2","mistune==0.8.4","mkl-fft==1.0.10","mkl-random==1.0.2","mne==0.17.1","mock==2.0.0","nbconvert==5.4.1","nbformat==4.4.0","netifaces==0.10.9","notebook==5.7.4","numpy==1.15.4","nvidia-ml-py3==7.352.0","olefile==0.46","pandas==0.24.1","pandocfilters==1.4.2","parso==0.3.4","patsy==0.5.1","pbr==5.1.2","pexpect==4.6.0","pickleshare==0.7.5","pillow==5.4.1","pip==18.1","prometheus-client==0.6.0","prompt-toolkit==2.0.9","protobuf==3.6.1","ptyprocess==0.6.0","pycosat==0.6.3","pycparser==2.19","pygments==2.3.1","pyopenssl==18.0.0","pyparsing==2.3.1","pyrsistent==0.14.11","pysocks==1.6.8","python-dateutil==2.8.0","pytz==2018.9","pyzmq==18.0.0","qtconsole==4.4.3","requests==2.21.0","ruamel-yaml==0.15.46","scikit-learn==0.20.2","scipy==1.2.1","seaborn==0.9.0","send2trash==1.5.0","setuptools==40.8.0","six==1.12.0","sklearn==0.0","soupsieve==1.8","statsmodels==0.9.0","tensorboard==1.12.2","tensorboardx==1.6","tensorflow-estimator==1.13.0","tensorflow-gpu==1.13.0rc2","termcolor==1.1.0","terminado==0.8.1","testpath==0.4.2","torch==1.0.1","torchvision==0.2.1","tornado==5.1.1","tqdm==4.31.1","traitlets==4.3.2","urllib3==1.24.1","wcwidth==0.1.7","webencodings==0.5.1","websocket-client==0.56.0","werkzeug==0.14.1","wheel==0.32.3","widgetsnbextension==3.4.2","wurlitzer==1.0.2"],"local_timestamp":1554661617121,"log_dependency":null,"log_other":null,"log_system_info":null,"metric":null,"offset":3,"os_packages":null,"param":null,"params":null,"stderr":null,"stdout":null},"type":"ws_msg"}
{"payload":{"code":null,"context":null,"env_details":null,"fileName":null,"git_meta":null,"gpu_static_info":null,"graph":null,"html":null,"htmlOverride":null,"installed_packages":null,"local_timestamp":1554661617137,"log_dependency":null,"log_other":null,"log_system_info":null,"metric":null,"offset":4,"os_packages":["accountsservice=0.6.45-1ubuntu1","acl=2.2.52-3build1","acpi-support=0.142","acpid=1:2.0.28-1ubuntu1","adduser=3.116ubuntu1","adium-theme-ubuntu=0.3.4-0ubuntu4","adwaita-icon-theme=3.28.0-1ubuntu1","aisleriot=1:3.22.5-1","alsa-base=1.0.25+dfsg-0ubuntu5","alsa-utils=1.1.3-1ubuntu1","amd64-microcode=3.20180524.1~ubuntu0.18.04.2","anacron=2.3-24","apg=2.2.3.dfsg.1-5","app-install-data-partner=16.04","apparmor=2.12-4ubuntu5.1","apport-gtk=2.20.9-0ubuntu7.5","apport-symptoms=0.20","apport=2.20.9-0ubuntu7.5","appstream=0.12.0-3ubuntu1","apt-config-icons=0.12.0-3ubuntu1","apt-utils=1.6.8","apt=1.6.8","aptdaemon-data=1.1.1+bzr982-0ubuntu19","aptdaemon=1.1.1+bzr982-0ubuntu19","apturl-common=0.5.2ubuntu14.2","apturl=0.5.2ubuntu14.2","aspell-en=2017.08.24-0-0.1","aspell=0.60.7~20110707-4","at-spi2-core=2.28.0-1","avahi-autoipd=0.7-3.1ubuntu1.2","avahi-daemon=0.7-3.1ubuntu1.2","avahi-utils=0.7-3.1ubuntu1.2","baobab=3.28.0-1","base-files=10.1ubuntu2.4","base-passwd=3.5.44","bash-completion=1:2.8-1ubuntu1","bash=4.4.18-2ubuntu1","bc=1.07.1-2","bind9-host=1:9.11.3+dfsg-1ubuntu1.5","binutils-common=2.30-21ubuntu1~18.04","binutils-x86-64-linux-gnu=2.30-21ubuntu1~18.04","binutils=2.30-21ubuntu1~18.04","bluez-cups=5.48-0ubuntu3.1","bluez-obexd=5.48-0ubuntu3.1","bluez=5.48-0ubuntu3.1","bolt=0.5-0ubuntu0.18.04.1","branding-ubuntu=0.10","brltty=5.5-4ubuntu2.0.1","bsdmainutils=11.1.2ubuntu1","bsdutils=1:2.31.1-0.4ubuntu3.3","bubblewrap=0.2.1-1ubuntu0.1","build-essential=12.4ubuntu1","busybox-initramfs=1:1.27.2-2ubuntu3.2","busybox-static=1:1.27.2-2ubuntu3.2","bzip2=1.0.6-8.1","ca-certificates=20180409","cabextract=1.6-1.1","cheese-common=3.28.0-1ubuntu1","cheese=3.28.0-1ubuntu1","chromium-codecs-ffmpeg-extra=73.0.3683.75-0ubuntu0.18.04.1","colord-data=1.3.3-2build1","colord=1.3.3-2build1","command-not-found-data=18.04.5","command-not-found=18.04.5","console-setup-linux=1.178ubuntu2.7","console-setup=1.178ubuntu2.7","coreutils=8.28-1ubuntu1","cpio=2.12+dfsg-6","cpp-7=7.3.0-27ubuntu1~18.04","cpp=4:7.3.0-3ubuntu2.1","cracklib-runtime=2.9.2-5build1","crda=3.18-1build1","cron=3.0pl1-128.1ubuntu1","cryptsetup-bin=2:2.0.2-1ubuntu1.1","cryptsetup=2:2.0.2-1ubuntu1.1","cups-browsed=1.20.2-0ubuntu3","cups-bsd=2.2.7-1ubuntu2.3","cups-client=2.2.7-1ubuntu2.3","cups-common=2.2.7-1ubuntu2.3","cups-core-drivers=2.2.7-1ubuntu2.3","cups-daemon=2.2.7-1ubuntu2.3","cups-filters-core-drivers=1.20.2-0ubuntu3","cups-filters=1.20.2-0ubuntu3","cups-ipp-utils=2.2.7-1ubuntu2.3","cups-pk-helper=0.2.6-1ubuntu1.2","cups-ppdc=2.2.7-1ubuntu2.3","cups-server-common=2.2.7-1ubuntu2.3","cups=2.2.7-1ubuntu2.3","dash=0.5.8-2.10","dbus-user-session=1.12.2-1ubuntu1","dbus-x11=1.12.2-1ubuntu1","dbus=1.12.2-1ubuntu1","dc=1.07.1-2","dconf-cli=0.26.0-2ubuntu3","dconf-gsettings-backend=0.26.0-2ubuntu3","dconf-service=0.26.0-2ubuntu3","debconf-i18n=1.5.66","debconf=1.5.66","debianutils=4.8.4","deja-dup=37.1-2fakesync1ubuntu0.1","desktop-file-utils=0.23-1ubuntu3.18.04.2","dh-python=3.20180325ubuntu2","dictionaries-common=1.27.2","diffstat=1.61-1build1","diffutils=1:3.6-1","dirmngr=2.2.4-1ubuntu1.2","distro-info-data=0.37ubuntu0.2","dkms=2.3-3ubuntu9.2","dmeventd=2:1.02.145-4.1ubuntu3","dmidecode=3.1-1","dmsetup=2:1.02.145-4.1ubuntu3","dmz-cursor-theme=0.4.5ubuntu1","dns-root-data=2018013001","dnsmasq-base=2.79-1","dnsutils=1:9.11.3+dfsg-1ubuntu1.5","dosfstools=4.1-1","dpkg-dev=1.19.0.5ubuntu2.1","dpkg=1.19.0.5ubuntu2.1","e2fsprogs=1.44.1-1ubuntu1.1","ed=1.10-2.1","efibootmgr=15-1","eject=2.1.5+deb1+cvs20081104-13.2","emacsen-common=2.0.8","enchant=1.6.0-11.1","eog=3.28.1-1","espeak-ng-data=1.49.2+dfsg-1","evince-common=3.28.4-0ubuntu1","evince=3.28.4-0ubuntu1","evolution-data-server-common=3.28.5-0ubuntu0.18.04.1","evolution-data-server=3.28.5-0ubuntu0.18.04.1","example-content=50","fakeroot=1.22-2ubuntu1","fdisk=2.31.1-0.4ubuntu3.3","file-roller=3.28.0-1ubuntu1","file=1:5.32-2ubuntu0.2","findutils=4.6.0+git+20170828-2","firefox-locale-en=66.0.2+build1-0ubuntu0.18.04.1","firefox=66.0.2+build1-0ubuntu0.18.04.1","flashplugin-installer=32.0.0.156ubuntu0.18.04.1","fontconfig-config=2.12.6-0ubuntu2","fontconfig=2.12.6-0ubuntu2","fonts-beng-extra=1.0-6ubuntu0.1","fonts-beng=2:1.2","fonts-dejavu-core=2.37-1","fonts-deva-extra=3.0-4ubuntu0.1","fonts-deva=2:1.2","fonts-droid-fallback=1:6.0.1r16-1.1","fonts-freefont-ttf=20120503-7","fonts-gargi=2.0-4","fonts-gubbi=1.3-3","fonts-gujr-extra=1.0-6ubuntu0.1","fonts-gujr=2:1.2","fonts-guru-extra=2.0-4ubuntu0.1","fonts-guru=2:1.2","fonts-indic=2:1.2","fonts-kacst-one=5.0+svn11846-9","fonts-kacst=2.01+mry-14","fonts-kalapi=1.0-2","fonts-khmeros-core=5.0-7ubuntu1","fonts-knda=2:1.2","fonts-lao=0.0.20060226-9ubuntu1","fonts-liberation2=2.00.1-7~18.04.1","fonts-liberation=1:1.07.4-7~18.04.1","fonts-lklug-sinhala=0.6-3","fonts-lohit-beng-assamese=2.91.5-1","fonts-lohit-beng-bengali=2.91.5-1","fonts-lohit-deva=2.95.4-2","fonts-lohit-gujr=2.92.4-2","fonts-lohit-guru=2.91.2-1","fonts-lohit-knda=2.5.4-1","fonts-lohit-mlym=2.92.2-1","fonts-lohit-orya=2.91.2-1","fonts-lohit-taml-classical=2.5.4-1","fonts-lohit-taml=2.91.3-1","fonts-lohit-telu=2.5.5-1","fonts-mlym=2:1.2","fonts-nakula=1.0-3","fonts-navilu=1.2-2","fonts-noto-cjk=1:20170601+repack1-2","fonts-noto-color-emoji=0~20180810-0ubuntu1","fonts-noto-mono=20171026-2","fonts-opensymbol=2:102.10+LibO6.0.7-0ubuntu0.18.04.2","fonts-orya-extra=2.0-5ubuntu0.1","fonts-orya=2:1.2","fonts-pagul=1.0-7","fonts-sahadeva=1.0-4","fonts-samyak-deva=1.2.2-4","fonts-samyak-gujr=1.2.2-4","fonts-samyak-mlym=1.2.2-4","fonts-samyak-taml=1.2.2-4","fonts-sarai=1.0-2","fonts-sil-abyssinica=1.500-1","fonts-sil-padauk=3.003-1","fonts-smc-anjalioldlipi=7.0-2","fonts-smc-chilanka=1.2.0-2","fonts-smc-dyuthi=2.0-1","fonts-smc-karumbi=1.0-1","fonts-smc-keraleeyam=2.0-1","fonts-smc-manjari=1.5.1-1","fonts-smc-meera=7.0-2","fonts-smc-rachana=7.0-2","fonts-smc-raghumalayalamsans=2.1.1-2","fonts-smc-suruma=3.2.1-1","fonts-smc-uroob=2.0-1","fonts-smc=1:7.0","fonts-taml=2:1.3","fonts-telu-extra=2.0-4","fonts-telu=2:1.2","fonts-thai-tlwg=1:0.6.4-2","fonts-tibetan-machine=1.901b-5","fonts-tlwg-garuda-ttf=1:0.6.4-2","fonts-tlwg-garuda=1:0.6.4-2","fonts-tlwg-kinnari-ttf=1:0.6.4-2","fonts-tlwg-kinnari=1:0.6.4-2","fonts-tlwg-laksaman-ttf=1:0.6.4-2","fonts-tlwg-laksaman=1:0.6.4-2","fonts-tlwg-loma-ttf=1:0.6.4-2","fonts-tlwg-loma=1:0.6.4-2","fonts-tlwg-mono-ttf=1:0.6.4-2","fonts-tlwg-mono=1:0.6.4-2","fonts-tlwg-norasi-ttf=1:0.6.4-2","fonts-tlwg-norasi=1:0.6.4-2","fonts-tlwg-purisa-ttf=1:0.6.4-2","fonts-tlwg-purisa=1:0.6.4-2","fonts-tlwg-sawasdee-ttf=1:0.6.4-2","fonts-tlwg-sawasdee=1:0.6.4-2","fonts-tlwg-typewriter-ttf=1:0.6.4-2","fonts-tlwg-typewriter=1:0.6.4-2","fonts-tlwg-typist-ttf=1:0.6.4-2","fonts-tlwg-typist=1:0.6.4-2","fonts-tlwg-typo-ttf=1:0.6.4-2","fonts-tlwg-typo=1:0.6.4-2","fonts-tlwg-umpush-ttf=1:0.6.4-2","fonts-tlwg-umpush=1:0.6.4-2","fonts-tlwg-waree-ttf=1:0.6.4-2","fonts-tlwg-waree=1:0.6.4-2","fonts-ubuntu=0.83-2","foomatic-db-compressed-ppds=20180306-1","friendly-recovery=0.2.38ubuntu1","ftp=0.17-34","fuse=2.9.7-1ubuntu1","fwupd=1.0.9-0ubuntu2","fwupdate-signed=1.18+10-3","fwupdate=10-3","g++-7=7.3.0-27ubuntu1~18.04","g++=4:7.3.0-3ubuntu2.1","gcc-7-base=7.3.0-27ubuntu1~18.04","gcc-7=7.3.0-27ubuntu1~18.04","gcc-8-base=8.2.0-1ubuntu2~18.04","gcc-8-base=8.2.0-1ubuntu2~18.04","gcc=4:7.3.0-3ubuntu2.1","gcr=3.28.0-1","gdb=8.1-0ubuntu3","gdbserver=8.1-0ubuntu3","gdisk=1.0.3-1","gdm3=3.28.3-0ubuntu18.04.4","gedit-common=3.28.1-1ubuntu1.1","gedit=3.28.1-1ubuntu1.1","genisoimage=9:1.1.11-3ubuntu2","geoclue-2.0=2.4.7-1ubuntu1","geoip-database=20180315-1","gettext-base=0.19.8.1-6ubuntu0.1","gettext=0.19.8.1-6ubuntu0.1","ghostscript-x=9.26~dfsg+0-0ubuntu0.18.04.8","ghostscript=9.26~dfsg+0-0ubuntu0.18.04.8","gir1.2-accountsservice-1.0=0.6.45-1ubuntu1","gir1.2-atk-1.0=2.28.1-1","gir1.2-atspi-2.0=2.28.0-1","gir1.2-dbusmenu-glib-0.4=16.04.1+18.04.20171206-0ubuntu1","gir1.2-dee-1.0=1.2.7+17.10.20170616-0ubuntu4","gir1.2-freedesktop=1.56.1-1","gir1.2-gck-1=3.28.0-1","gir1.2-gcr-3=3.28.0-1","gir1.2-gdesktopenums-3.0=3.28.0-1ubuntu1","gir1.2-gdkpixbuf-2.0=2.36.11-2","gir1.2-gdm-1.0=3.28.3-0ubuntu18.04.4","gir1.2-geoclue-2.0=2.4.7-1ubuntu1","gir1.2-geocodeglib-1.0=3.25.4.1-4","gir1.2-glib-2.0=1.56.1-1","gir1.2-gmenu-3.0=3.13.3-11ubuntu1.1","gir1.2-gnomebluetooth-1.0=3.28.0-2ubuntu0.1","gir1.2-gnomedesktop-3.0=3.28.2-0ubuntu1.2","gir1.2-goa-1.0=3.28.0-0ubuntu2.1","gir1.2-gst-plugins-base-1.0=1.14.1-1ubuntu1~ubuntu18.04.1","gir1.2-gstreamer-1.0=1.14.1-1~ubuntu18.04.1","gir1.2-gtk-3.0=3.22.30-1ubuntu1","gir1.2-gtksource-3.0=3.24.7-1","gir1.2-gudev-1.0=1:232-2","gir1.2-gweather-3.0=3.28.2-1~ubuntu18.04.1","gir1.2-ibus-1.0=1.5.17-3ubuntu4","gir1.2-javascriptcoregtk-4.0=2.22.6-0ubuntu0.18.04.1","gir1.2-json-1.0=1.4.2-3","gir1.2-keybinder-3.0=0.3.2-1","gir1.2-mutter-2=3.28.3-2~ubuntu18.04.2","gir1.2-nm-1.0=1.10.6-2ubuntu1.1","gir1.2-nma-1.0=1.8.10-2ubuntu2","gir1.2-notify-0.7=0.7.7-3","gir1.2-packagekitglib-1.0=1.1.9-1ubuntu2.18.04.4","gir1.2-pango-1.0=1.40.14-1ubuntu0.1","gir1.2-peas-1.0=1.22.0-2","gir1.2-polkit-1.0=0.105-20ubuntu0.18.04.5","gir1.2-rb-3.0=3.4.2-4ubuntu1","gir1.2-rsvg-2.0=2.40.20-2","gir1.2-secret-1=0.18.6-1","gir1.2-snapd-1=1.43-0ubuntu0.18.04.1","gir1.2-soup-2.4=2.62.1-1ubuntu0.1","gir1.2-totem-1.0=3.26.0-0ubuntu6.2","gir1.2-totemplparser-1.0=3.26.0-1ubuntu2","gir1.2-udisks-2.0=2.7.6-3ubuntu0.2","gir1.2-unity-5.0=7.1.4+18.04.20180209.1-0ubuntu2","gir1.2-upowerglib-1.0=0.99.7-2","gir1.2-vte-2.91=0.52.2-1ubuntu1~18.04.2","gir1.2-webkit2-4.0=2.22.6-0ubuntu0.18.04.1","gir1.2-wnck-3.0=3.24.1-2","git-man=1:2.17.1-1ubuntu0.4","git=1:2.17.1-1ubuntu0.4","gjs=1.52.5-0ubuntu18.04.1","gkbd-capplet=3.26.0-3ubuntu0.18.04.1","glib-networking-common=2.56.0-1","glib-networking-services=2.56.0-1","glib-networking=2.56.0-1","gnome-accessibility-themes=3.28-1ubuntu1","gnome-bluetooth=3.28.0-2ubuntu0.1","gnome-calendar=3.28.2-0ubuntu0.18.04.1","gnome-control-center-data=1:3.28.2-0ubuntu0.18.04.2","gnome-control-center-faces=1:3.28.2-0ubuntu0.18.04.2","gnome-control-center=1:3.28.2-0ubuntu0.18.04.2","gnome-desktop3-data=3.28.2-0ubuntu1.2","gnome-disk-utility=3.28.3-0ubuntu1~18.04.1","gnome-font-viewer=3.28.0-1","gnome-getting-started-docs=3.28.2-0ubuntu0.1","gnome-initial-setup=3.28.0-2ubuntu6.16.04.4","gnome-keyring-pkcs11=3.28.0.2-1ubuntu1.18.04.1","gnome-keyring=3.28.0.2-1ubuntu1.18.04.1","gnome-mahjongg=1:3.22.0-3","gnome-menus=3.13.3-11ubuntu1.1","gnome-mines=1:3.28.0-1ubuntu1","gnome-online-accounts=3.28.0-0ubuntu2.1","gnome-power-manager=3.26.0-1","gnome-screenshot=3.25.0-0ubuntu2","gnome-session-bin=3.28.1-0ubuntu3","gnome-session-canberra=0.30-5ubuntu1","gnome-session-common=3.28.1-0ubuntu3","gnome-settings-daemon-schemas=3.28.1-0ubuntu1.1","gnome-settings-daemon=3.28.1-0ubuntu1.1","gnome-shell-common=3.28.3-0ubuntu0.18.04.4","gnome-shell-extension-appindicator=18.04.1","gnome-shell-extension-ubuntu-dock=0.9.1ubuntu18.04.3","gnome-shell=3.28.3-0ubuntu0.18.04.4","gnome-software-common=3.28.1-0ubuntu4.18.04.8","gnome-software-plugin-snap=3.28.1-0ubuntu4.18.04.8","gnome-software=3.28.1-0ubuntu4.18.04.8","gnome-startup-applications=3.28.1-0ubuntu3","gnome-sudoku=1:3.28.0-1","gnome-terminal-data=3.28.2-1ubuntu1~18.04.1","gnome-terminal=3.28.2-1ubuntu1~18.04.1","gnome-themes-extra-data=3.28-1ubuntu1","gnome-themes-extra=3.28-1ubuntu1","gnome-todo-common=3.28.1-1","gnome-todo=3.28.1-1","gnome-user-docs=3.28.2+git20180715-0ubuntu0.1","gnome-user-guide=3.28.2+git20180715-0ubuntu0.1","gnome-video-effects=0.4.3-1ubuntu1","gnupg-l10n=2.2.4-1ubuntu1.2","gnupg-utils=2.2.4-1ubuntu1.2","gnupg=2.2.4-1ubuntu1.2","gpg-agent=2.2.4-1ubuntu1.2","gpg-wks-client=2.2.4-1ubuntu1.2","gpg-wks-server=2.2.4-1ubuntu1.2","gpg=2.2.4-1ubuntu1.2","gpgconf=2.2.4-1ubuntu1.2","gpgsm=2.2.4-1ubuntu1.2","gpgv=2.2.4-1ubuntu1.2","grep=3.1-2","grilo-plugins-0.3-base=0.3.5-1ubuntu1","groff-base=1.22.3-10","grub-common=2.02-2ubuntu8.12","grub-efi-amd64-bin=2.02-2ubuntu8.12","grub-efi-amd64-signed=1.93.13+2.02-2ubuntu8.12","grub-gfxpayload-lists=0.7","grub-pc-bin=2.02-2ubuntu8.12","grub-pc=2.02-2ubuntu8.12","grub2-common=2.02-2ubuntu8.12","gsettings-desktop-schemas=3.28.0-1ubuntu1","gsettings-ubuntu-schemas=0.0.7+17.10.20170922-0ubuntu1","gsfonts=1:8.11+urwcyr1.0.7~pre44-4.4","gstreamer1.0-alsa=1.14.1-1ubuntu1~ubuntu18.04.1","gstreamer1.0-clutter-3.0=3.0.26-1","gstreamer1.0-fluendo-mp3=0.10.32.debian-1","gstreamer1.0-gl=1.14.1-1ubuntu1~ubuntu18.04.1","gstreamer1.0-libav=1.14.1-1~ubuntu18.04.1","gstreamer1.0-packagekit=1.1.9-1ubuntu2.18.04.4","gstreamer1.0-plugins-base-apps=1.14.1-1ubuntu1~ubuntu18.04.1","gstreamer1.0-plugins-base=1.14.1-1ubuntu1~ubuntu18.04.1","gstreamer1.0-plugins-good=1.14.1-1ubuntu1~ubuntu18.04.1","gstreamer1.0-plugins-ugly=1.14.1-1~ubuntu18.04.1","gstreamer1.0-pulseaudio=1.14.1-1ubuntu1~ubuntu18.04.1","gstreamer1.0-tools=1.14.1-1~ubuntu18.04.1","gstreamer1.0-vaapi=1.14.1-1~ubuntu18.04.1","gstreamer1.0-x=1.14.1-1ubuntu1~ubuntu18.04.1","gtk-update-icon-cache=3.22.30-1ubuntu1","gtk2-engines-murrine=0.98.2-2ubuntu1","gtk2-engines-pixbuf=2.24.32-1ubuntu1","guake=3.0.5-1","guile-2.0-libs=2.0.13+1-5ubuntu0.1","gvfs-backends=1.36.1-0ubuntu1.3","gvfs-bin=1.36.1-0ubuntu1.3","gvfs-common=1.36.1-0ubuntu1.3","gvfs-daemons=1.36.1-0ubuntu1.3","gvfs-fuse=1.36.1-0ubuntu1.3","gvfs-libs=1.36.1-0ubuntu1.3","gvfs=1.36.1-0ubuntu1.3","gzip=1.6-5ubuntu1","hdparm=9.54+ds-1","hicolor-icon-theme=0.17-2","hostname=3.20","hplip-data=3.17.10+repack0-5","hplip=3.17.10+repack0-5","humanity-icon-theme=0.6.15","hunspell-en-us=1:2017.08.24","hyphen-en-us=2.8.8-5","i965-va-driver=2.1.0-0ubuntu1","ibus-gtk3=1.5.17-3ubuntu4","ibus-gtk=1.5.17-3ubuntu4","ibus-table=1.9.14-3","ibus=1.5.17-3ubuntu4","ifupdown=0.8.17ubuntu1.1","iio-sensor-proxy=2.4-2","im-config=0.34-1ubuntu1.2","imagemagick-6-common=8:6.9.7.4+dfsg-16ubuntu6.4","imagemagick-6.q16=8:6.9.7.4+dfsg-16ubuntu6.4","imagemagick=8:6.9.7.4+dfsg-16ubuntu6.4","info=6.5.0.dfsg.1-2","init-system-helpers=1.51","init=1.51","initramfs-tools-bin=0.130ubuntu3.6","initramfs-tools-core=0.130ubuntu3.6","initramfs-tools=0.130ubuntu3.6","inputattach=1:1.6.0-2","install-info=6.5.0.dfsg.1-2","intel-microcode=3.20180807a.0ubuntu0.18.04.1","intltool-debian=0.35.0+20060710.4","ippusbxd=1.32-2","iproute2=4.15.0-2ubuntu1","iptables=1.6.1-2ubuntu2","iputils-arping=3:20161105-1ubuntu2","iputils-ping=3:20161105-1ubuntu2","iputils-tracepath=3:20161105-1ubuntu2","irqbalance=1.3.0-0.1ubuntu0.18.04.1","isc-dhcp-client=4.3.5-3ubuntu7","isc-dhcp-common=4.3.5-3ubuntu7","iso-codes=3.79-1","iucode-tool=2.3.1-1","iw=4.14-0.1","jupyter-core=4.4.0-2","kbd=2.0.4-2ubuntu1","kerneloops=0.12+git20140509-6ubuntu2","keyboard-configuration=1.178ubuntu2.7","klibc-utils=2.0.4-9ubuntu2","kmod=24-1ubuntu3.2","krb5-locales=1.16-2ubuntu0.1","language-pack-en-base=1:18.04+20180712","language-pack-en=1:18.04+20180712","language-pack-gnome-en-base=1:18.04+20180712","language-pack-gnome-en=1:18.04+20180712","language-selector-common=0.188.1","language-selector-gnome=0.188.1","laptop-detect=0.16","less=487-0.1","liba52-0.7.4=0.7.4-19","libaa1=1.4p5-44build2","libaacs0=0.9.0-1","libabw-0.1-1=0.1.2-1ubuntu1","libaccountsservice0=0.6.45-1ubuntu1","libacl1=2.2.52-3build1","libalgorithm-diff-perl=1.19.03-1","libalgorithm-diff-xs-perl=0.04-5","libalgorithm-merge-perl=0.08-3","libao-common=1.2.2+20180113-1ubuntu1","libao4=1.2.2+20180113-1ubuntu1","libapparmor1=2.12-4ubuntu5.1","libappindicator3-1=12.10.1+18.04.20180322.1-0ubuntu1","libappstream-glib8=0.7.7-2","libappstream4=0.12.0-3ubuntu1","libapt-inst2.0=1.6.8","libapt-pkg-perl=0.1.33build1","libapt-pkg5.0=1.6.8","libarchive-zip-perl=1.60-1ubuntu0.1","libarchive13=3.2.2-3.1ubuntu0.3","libargon2-0=0~20161029-1.1","libart-2.0-2=2.3.21-3","libasan4=7.3.0-27ubuntu1~18.04","libasn1-8-heimdal=7.5.0+dfsg-1","libasound2-data=1.1.3-5ubuntu0.2","libasound2-plugins=1.1.1-1ubuntu1","libasound2=1.1.3-5ubuntu0.2","libaspell15=0.60.7~20110707-4","libass9=1:0.14.0-1","libassuan0=2.5.1-2","libasyncns0=0.8-6","libatasmart4=0.19-4","libatk-adaptor=2.26.2-1","libatk-bridge2.0-0=2.26.2-1","libatk1.0-0=2.28.1-1","libatk1.0-data=2.28.1-1","libatm1=1:2.5.1-2build1","libatomic1=8.2.0-1ubuntu2~18.04","libatspi2.0-0=2.28.0-1","libattr1=1:2.4.47-2build1","libaudio2=1.9.4-6","libaudit-common=1:2.8.2-1ubuntu1","libaudit1=1:2.8.2-1ubuntu1","libauthen-sasl-perl=2.1600-1","libavahi-client3=0.7-3.1ubuntu1.2","libavahi-common-data=0.7-3.1ubuntu1.2","libavahi-common3=0.7-3.1ubuntu1.2","libavahi-core7=0.7-3.1ubuntu1.2","libavahi-glib1=0.7-3.1ubuntu1.2","libavahi-ui-gtk3-0=0.7-3.1ubuntu1.2","libavc1394-0=0.5.4-4build1","libavcodec-extra57=7:3.4.4-0ubuntu0.18.04.1","libavcodec-extra=7:3.4.4-0ubuntu0.18.04.1","libavfilter6=7:3.4.4-0ubuntu0.18.04.1","libavformat57=7:3.4.4-0ubuntu0.18.04.1","libavresample3=7:3.4.4-0ubuntu0.18.04.1","libavutil55=7:3.4.4-0ubuntu0.18.04.1","libbabeltrace1=1.5.5-1","libbdplus0=0.1.2-2","libbind9-160=1:9.11.3+dfsg-1ubuntu1.5","libbinutils=2.30-21ubuntu1~18.04","libblkid1=2.31.1-0.4ubuntu3.3","libblockdev-crypto2=2.16-2","libblockdev-fs2=2.16-2","libblockdev-loop2=2.16-2","libblockdev-part-err2=2.16-2","libblockdev-part2=2.16-2","libblockdev-swap2=2.16-2","libblockdev-utils2=2.16-2","libblockdev2=2.16-2","libbluetooth3=5.48-0ubuntu3.1","libbluray2=1:1.0.2-3","libboost-date-time1.65.1=1.65.1+dfsg-0ubuntu5","libboost-filesystem1.65.1=1.65.1+dfsg-0ubuntu5","libboost-iostreams1.65.1=1.65.1+dfsg-0ubuntu5","libboost-locale1.65.1=1.65.1+dfsg-0ubuntu5","libboost-system1.65.1=1.65.1+dfsg-0ubuntu5","libboost-thread1.65.1=1.65.1+dfsg-0ubuntu5","libbrlapi0.6=5.5-4ubuntu2.0.1","libbrotli1=1.0.3-1ubuntu1.2","libbs2b0=3.1.0+dfsg-2.2","libbsd0=0.8.7-1","libbsd0=0.8.7-1","libbz2-1.0=1.0.6-8.1","libc-bin=2.27-3ubuntu1","libc-dev-bin=2.27-3ubuntu1","libc6-dbg=2.27-3ubuntu1","libc6-dev=2.27-3ubuntu1","libc6=2.27-3ubuntu1","libc6=2.27-3ubuntu1","libcaca0=0.99.beta19-2ubuntu0.18.04.1","libcairo-gobject-perl=1.004-2build3","libcairo-gobject2=1.15.10-2ubuntu0.1","libcairo-perl=1.106-2build2","libcairo2=1.15.10-2ubuntu0.1","libcamel-1.2-61=3.28.5-0ubuntu0.18.04.1","libcanberra-gtk3-0=0.30-5ubuntu1","libcanberra-gtk3-module=0.30-5ubuntu1","libcanberra-pulse=0.30-5ubuntu1","libcanberra0=0.30-5ubuntu1","libcap-ng0=0.7.7-3.1","libcap2-bin=1:2.25-1.2","libcap2=1:2.25-1.2","libcc1-0=8.2.0-1ubuntu2~18.04","libcdio-cdda2=10.2+0.94+2-2build1","libcdio-paranoia2=10.2+0.94+2-2build1","libcdio17=1.0.0-2ubuntu2","libcdparanoia0=3.10.2+debian-13","libcdr-0.1-1=0.1.4-1build1","libcgi-fast-perl=1:2.13-1","libcgi-pm-perl=4.38-1","libcheese-gtk25=3.28.0-1ubuntu1","libcheese8=3.28.0-1ubuntu1","libchromaprint1=1.4.3-1","libcilkrts5=7.3.0-27ubuntu1~18.04","libclass-accessor-perl=0.51-1","libclone-perl=0.39-1","libclucene-contribs1v5=2.3.3.4+dfsg-1","libclucene-core1v5=2.3.3.4+dfsg-1","libclutter-1.0-0=1.26.2+dfsg-4","libclutter-1.0-common=1.26.2+dfsg-4","libclutter-gst-3.0-0=3.0.26-1","libclutter-gtk-1.0-0=1.8.4-3","libcmis-0.5-5v5=0.5.1+git20160603-3build2","libcogl-common=1.22.2-3ubuntu1","libcogl-pango20=1.22.2-3ubuntu1","libcogl-path20=1.22.2-3ubuntu1","libcogl20=1.22.2-3ubuntu1","libcolamd2=1:5.1.2-2","libcolord-gtk1=0.1.26-2","libcolord2=1.3.3-2build1","libcolorhug2=1.3.3-2build1","libcom-err2=1.44.1-1ubuntu1.1","libcrack2=2.9.2-5build1","libcroco3=0.6.12-2","libcryptsetup12=2:2.0.2-1ubuntu1.1","libcrystalhd3=1:0.0~git20110715.fdd2f19-12","libcups2=2.2.7-1ubuntu2.3","libcupscgi1=2.2.7-1ubuntu2.3","libcupsfilters1=1.20.2-0ubuntu3","libcupsimage2=2.2.7-1ubuntu2.3","libcupsmime1=2.2.7-1ubuntu2.3","libcupsppdc1=2.2.7-1ubuntu2.3","libcurl3-gnutls=7.58.0-2ubuntu3.6","libdaemon0=0.14-6","libdata-dump-perl=1.23-1","libdatrie1=0.2.10-7","libdazzle-1.0-0=3.28.1-1","libdb5.3=5.3.28-13.1ubuntu1","libdbus-1-3=1.12.2-1ubuntu1","libdbus-glib-1-2=0.110-2","libdbusmenu-glib4=16.04.1+18.04.20171206-0ubuntu1","libdbusmenu-gtk3-4=16.04.1+18.04.20171206-0ubuntu1","libdbusmenu-gtk4=16.04.1+18.04.20171206-0ubuntu1","libdconf1=0.26.0-2ubuntu3","libdebconfclient0=0.213ubuntu1","libdee-1.0-4=1.2.7+17.10.20170616-0ubuntu4","libdevmapper-event1.02.1=2:1.02.145-4.1ubuntu3","libdevmapper1.02.1=2:1.02.145-4.1ubuntu3","libdigest-hmac-perl=1.03+dfsg-1","libdjvulibre-text=3.5.27.1-8","libdjvulibre21=3.5.27.1-8","libdmapsharing-3.0-2=2.9.39-2","libdns-export1100=1:9.11.3+dfsg-1ubuntu1.5","libdns1100=1:9.11.3+dfsg-1ubuntu1.5","libdotconf0=1.3-0.3fakesync1","libdpkg-perl=1.19.0.5ubuntu2.1","libdrm-amdgpu1=2.4.95-1~18.04.1","libdrm-amdgpu1=2.4.95-1~18.04.1","libdrm-common=2.4.95-1~18.04.1","libdrm-intel1=2.4.95-1~18.04.1","libdrm-intel1=2.4.95-1~18.04.1","libdrm-nouveau2=2.4.95-1~18.04.1","libdrm-nouveau2=2.4.95-1~18.04.1","libdrm-radeon1=2.4.95-1~18.04.1","libdrm-radeon1=2.4.95-1~18.04.1","libdrm2=2.4.95-1~18.04.1","libdrm2=2.4.95-1~18.04.1","libdv4=1.0.0-11","libdvdnav4=6.0.0-1","libdvdread4=6.0.0-1","libdw1=0.170-0.4","libe-book-0.1-1=0.1.3-1","libebackend-1.2-10=3.28.5-0ubuntu0.18.04.1","libebook-1.2-19=3.28.5-0ubuntu0.18.04.1","libebook-contacts-1.2-2=3.28.5-0ubuntu0.18.04.1","libecal-1.2-19=3.28.5-0ubuntu0.18.04.1","libedata-book-1.2-25=3.28.5-0ubuntu0.18.04.1","libedata-cal-1.2-28=3.28.5-0ubuntu0.18.04.1","libedataserver-1.2-23=3.28.5-0ubuntu0.18.04.1","libedataserverui-1.2-2=3.28.5-0ubuntu0.18.04.1","libedit2=3.1-20170329-1","libedit2=3.1-20170329-1","libefiboot1=34-1","libefivar1=34-1","libegl-mesa0=18.2.2-0ubuntu1~18.04.2","libegl1-mesa=18.2.2-0ubuntu1~18.04.2","libegl1=1.0.0-2ubuntu2.2","libelf1=0.170-0.4","libelf1=0.170-0.4","libemail-valid-perl=1.202-1","libenchant1c2a=1.6.0-11.1","libencode-locale-perl=1.05-1","libeot0=0.01-5","libepoxy0=1.4.3-1","libepubgen-0.1-1=0.1.0-2ubuntu1","liberror-perl=0.17025-1","libespeak-ng1=1.49.2+dfsg-1","libestr0=0.1.10-2.1","libetonyek-0.1-1=0.1.7-3","libevdev2=1.5.8+dfsg-1","libevdocument3-4=3.28.4-0ubuntu1","libevent-2.1-6=2.1.8-stable-4build1","libevview3-3=3.28.4-0ubuntu1","libexempi3=2.4.5-2","libexif12=0.6.21-4","libexiv2-14=0.25-3.1ubuntu0.18.04.2","libexpat1-dev=2.2.5-3","libexpat1=2.2.5-3","libexpat1=2.2.5-3","libexporter-tiny-perl=1.000000-2","libext2fs2=1.44.1-1ubuntu1.1","libexttextcat-2.0-0=3.4.5-1","libexttextcat-data=3.4.5-1","libfakeroot=1.22-2ubuntu1","libfastjson4=0.99.8-2","libfcgi-perl=0.78-2build1","libfdisk1=2.31.1-0.4ubuntu3.3","libffi6=3.2.1-8","libffi6=3.2.1-8","libfftw3-double3=3.3.7-1","libfftw3-single3=3.3.7-1","libfile-basedir-perl=0.07-1","libfile-copy-recursive-perl=0.40-1","libfile-desktopentry-perl=0.22-1","libfile-fcntllock-perl=0.22-3build2","libfile-listing-perl=6.04-1","libfile-mimeinfo-perl=0.28-1","libflac8=1.3.2-1","libflite1=2.1-release-1","libfont-afm-perl=1.20-2","libfontconfig1=2.12.6-0ubuntu2","libfontembed1=1.20.2-0ubuntu3","libfontenc1=1:1.1.3-1","libfreehand-0.1-1=0.1.2-2","libfreerdp-client2-2=2.0.0~git20170725.1.1648deb+dfsg1-7ubuntu0.1","libfreerdp2-2=2.0.0~git20170725.1.1648deb+dfsg1-7ubuntu0.1","libfreetype6=2.8.1-2ubuntu2","libfribidi0=0.19.7-2","libfuse2=2.9.7-1ubuntu1","libfwup1=10-3","libfwupd2=1.0.9-0ubuntu2","libgail-3-0=3.22.30-1ubuntu1","libgail-common=2.24.32-1ubuntu1","libgail18=2.24.32-1ubuntu1","libgbm1=18.2.2-0ubuntu1~18.04.2","libgc1c2=1:7.4.2-8ubuntu1","libgcab-1.0-0=1.1-2","libgcc-7-dev=7.3.0-27ubuntu1~18.04","libgcc1=1:8.2.0-1ubuntu2~18.04","libgcc1=1:8.2.0-1ubuntu2~18.04","libgck-1-0=3.28.0-1","libgcr-base-3-1=3.28.0-1","libgcr-ui-3-1=3.28.0-1","libgcrypt20=1.8.1-4ubuntu1.1","libgd3=2.2.5-4ubuntu0.3","libgdata-common=0.17.9-2","libgdata22=0.17.9-2","libgdbm-compat4=1.14.1-6","libgdbm5=1.14.1-6","libgdk-pixbuf2.0-0=2.36.11-2","libgdk-pixbuf2.0-bin=2.36.11-2","libgdk-pixbuf2.0-common=2.36.11-2","libgdm1=3.28.3-0ubuntu18.04.4","libgee-0.8-2=0.20.1-1","libgeoclue-2-0=2.4.7-1ubuntu1","libgeocode-glib0=3.25.4.1-4","libgeoip1=1.6.12-1","libgexiv2-2=0.10.8-1","libgirepository-1.0-1=1.56.1-1","libgjs0g=1.52.5-0ubuntu18.04.1","libgl1-mesa-dri=18.2.2-0ubuntu1~18.04.2","libgl1-mesa-dri=18.2.2-0ubuntu1~18.04.2","libgl1-mesa-glx=18.2.2-0ubuntu1~18.04.2","libgl1=1.0.0-2ubuntu2.2","libgl1=1.0.0-2ubuntu2.2","libglapi-mesa=18.2.2-0ubuntu1~18.04.2","libglapi-mesa=18.2.2-0ubuntu1~18.04.2","libgles2=1.0.0-2ubuntu2.2","libglib-object-introspection-perl=0.044-2","libglib-perl=3:1.326-1build1","libglib2.0-0=2.56.3-0ubuntu0.18.04.1","libglib2.0-bin=2.56.3-0ubuntu0.18.04.1","libglib2.0-data=2.56.3-0ubuntu0.18.04.1","libglu1-mesa=9.0.0-2.1build1","libglvnd0=1.0.0-2ubuntu2.2","libglvnd0=1.0.0-2ubuntu2.2","libglx-mesa0=18.2.2-0ubuntu1~18.04.2","libglx-mesa0=18.2.2-0ubuntu1~18.04.2","libglx0=1.0.0-2ubuntu2.2","libglx0=1.0.0-2ubuntu2.2","libgme0=0.6.2-1","libgmime-3.0-0=3.2.0-1","libgmp10=2:6.1.2+dfsg-2","libgnome-autoar-0-0=0.2.3-1","libgnome-bluetooth13=3.28.0-2ubuntu0.1","libgnome-desktop-3-17=3.28.2-0ubuntu1.2","libgnome-games-support-1-3=1.4.1-1","libgnome-games-support-common=1.4.1-1","libgnome-menu-3-0=3.13.3-11ubuntu1.1","libgnome-todo=3.28.1-1","libgnomekbd-common=3.26.0-3ubuntu0.18.04.1","libgnomekbd8=3.26.0-3ubuntu0.18.04.1","libgnutls30=3.5.18-1ubuntu1","libgoa-1.0-0b=3.28.0-0ubuntu2.1","libgoa-1.0-common=3.28.0-0ubuntu2.1","libgoa-backend-1.0-1=3.28.0-0ubuntu2.1","libgom-1.0-0=0.3.3-4","libgomp1=8.2.0-1ubuntu2~18.04","libgpg-error0=1.27-6","libgpgme11=1.10.0-1ubuntu2","libgpgmepp6=1.10.0-1ubuntu2","libgphoto2-6=2.5.16-2","libgphoto2-l10n=2.5.16-2","libgphoto2-port12=2.5.16-2","libgpm2=1.20.7-5","libgpod-common=0.8.3-11","libgpod4=0.8.3-11","libgraphene-1.0-0=1.8.0-1","libgraphite2-3=1.3.11-2","libgrilo-0.3-0=0.3.4-1","libgs9-common=9.26~dfsg+0-0ubuntu0.18.04.8","libgs9=9.26~dfsg+0-0ubuntu0.18.04.8","libgsm1=1.0.13-4build1","libgspell-1-1=1.6.1-1","libgspell-1-common=1.6.1-1","libgssapi-krb5-2=1.16-2ubuntu0.1","libgssapi3-heimdal=7.5.0+dfsg-1","libgstreamer-gl1.0-0=1.14.1-1ubuntu1~ubuntu18.04.1","libgstreamer-plugins-bad1.0-0=1.14.1-1ubuntu1~ubuntu18.04.1","libgstreamer-plugins-base1.0-0=1.14.1-1ubuntu1~ubuntu18.04.1","libgstreamer-plugins-good1.0-0=1.14.1-1ubuntu1~ubuntu18.04.1","libgstreamer1.0-0=1.14.1-1~ubuntu18.04.1","libgtk-3-0=3.22.30-1ubuntu1","libgtk-3-bin=3.22.30-1ubuntu1","libgtk-3-common=3.22.30-1ubuntu1","libgtk2.0-0=2.24.32-1ubuntu1","libgtk2.0-bin=2.24.32-1ubuntu1","libgtk2.0-common=2.24.32-1ubuntu1","libgtk3-perl=0.032-1","libgtksourceview-3.0-1=3.24.7-1","libgtksourceview-3.0-common=3.24.7-1","libgtop-2.0-11=2.38.0-2ubuntu0.18.04.1","libgtop2-common=2.38.0-2ubuntu0.18.04.1","libgudev-1.0-0=1:232-2","libgusb2=0.2.11-1","libgutenprint2=5.2.13-2","libgweather-3-15=3.28.2-1~ubuntu18.04.1","libgweather-common=3.28.2-1~ubuntu18.04.1","libgxps2=0.3.0-2","libharfbuzz-icu0=1.7.2-1ubuntu1","libharfbuzz0b=1.7.2-1ubuntu1","libhcrypto4-heimdal=7.5.0+dfsg-1","libheimbase1-heimdal=7.5.0+dfsg-1","libheimntlm0-heimdal=7.5.0+dfsg-1","libhogweed4=3.4-1","libhpmud0=3.17.10+repack0-5","libhtml-form-perl=6.03-1","libhtml-format-perl=2.12-1","libhtml-parser-perl=3.72-3build1","libhtml-tagset-perl=3.20-3","libhtml-tree-perl=5.07-1","libhttp-cookies-perl=6.04-1","libhttp-daemon-perl=6.01-1","libhttp-date-perl=6.02-1","libhttp-message-perl=6.14-1","libhttp-negotiate-perl=6.00-2","libhunspell-1.6-0=1.6.2-1","libhx509-5-heimdal=7.5.0+dfsg-1","libhyphen0=2.8.8-5","libibus-1.0-5=1.5.17-3ubuntu4","libical3=3.0.1-5","libice6=2:1.0.9-2","libicu60=60.2-3ubuntu3","libidn11=1.33-2.1ubuntu1","libidn2-0=2.0.4-1.1build2","libiec61883-0=1.2.0-2","libieee1284-3=0.2.11-13","libijs-0.35=0.35-13","libilmbase12=2.2.0-11ubuntu2","libimobiledevice6=1.2.1~git20171128.5a854327+dfsg-0.1","libindicator3-7=16.10.0+18.04.20180321.1-0ubuntu1","libinput-bin=1.10.4-1","libinput10=1.10.4-1","libio-html-perl=1.001-1","libio-pty-perl=1:1.08-1.1build4","libio-socket-inet6-perl=2.72-2","libio-socket-ssl-perl=2.056-1","libio-string-perl=1.08-3","libip4tc0=1.6.1-2ubuntu2","libip6tc0=1.6.1-2ubuntu2","libipc-run-perl=0.96-1","libipc-system-simple-perl=1.25-4","libiptc0=1.6.1-2ubuntu2","libirs160=1:9.11.3+dfsg-1ubuntu1.5","libisc-export169=1:9.11.3+dfsg-1ubuntu1.5","libisc169=1:9.11.3+dfsg-1ubuntu1.5","libisccc160=1:9.11.3+dfsg-1ubuntu1.5","libisccfg160=1:9.11.3+dfsg-1ubuntu1.5","libisl19=0.19-1","libitm1=8.2.0-1ubuntu2~18.04","libiw30=30~pre9-12ubuntu1","libjack-jackd2-0=1.9.12~dfsg-2","libjansson4=2.11-1","libjavascriptcoregtk-4.0-18=2.22.6-0ubuntu0.18.04.1","libjbig0=2.1-3.1build1","libjbig2dec0=0.13-6","libjpeg-turbo8=1.5.2-0ubuntu5.18.04.1","libjpeg8=8c-2ubuntu8","libjson-c3=0.12.1-1.3","libjson-glib-1.0-0=1.4.2-3","libjson-glib-1.0-common=1.4.2-3","libk5crypto3=1.16-2ubuntu0.1","libkeybinder-3.0-0=0.3.2-1","libkeyutils1=1.5.9-9.2ubuntu2","libklibc=2.0.4-9ubuntu2","libkmod2=24-1ubuntu3.2","libkpathsea6=2017.20170613.44572-8ubuntu0.1","libkrb5-26-heimdal=7.5.0+dfsg-1","libkrb5-3=1.16-2ubuntu0.1","libkrb5support0=1.16-2ubuntu0.1","libksba8=1.3.5-2","liblangtag-common=0.6.2-1","liblangtag1=0.6.2-1","liblcms2-2=2.9-1ubuntu0.1","liblcms2-utils=2.9-1ubuntu0.1","libldap-2.4-2=2.4.45+dfsg-1ubuntu1.1","libldap-common=2.4.45+dfsg-1ubuntu1.1","libldb1=2:1.2.3-1ubuntu0.1","liblirc-client0=0.10.0-2","liblist-moreutils-perl=0.416-1build3","libllvm6.0=1:6.0-1ubuntu2","libllvm7=1:7-3~ubuntu0.18.04.1","libllvm7=1:7-3~ubuntu0.18.04.1","liblocale-gettext-perl=1.07-3build2","liblouis-data=3.5.0-1ubuntu0.3","liblouis14=3.5.0-1ubuntu0.3","liblouisutdml-bin=2.7.0-1","liblouisutdml-data=2.7.0-1","liblouisutdml8=2.7.0-1","liblqr-1-0=0.4.2-2.1","liblsan0=8.2.0-1ubuntu2~18.04","libltdl7=2.4.6-2","liblua5.3-0=5.3.3-1","liblvm2app2.2=2.02.176-4.1ubuntu3","liblvm2cmd2.02=2.02.176-4.1ubuntu3","liblwp-mediatypes-perl=6.02-1","liblwp-protocol-https-perl=6.07-2","liblwres160=1:9.11.3+dfsg-1ubuntu1.5","liblz4-1=0.0~r131-2ubuntu3","liblzma5=5.2.2-1.3","liblzo2-2=2.08-1.2","libmagic-mgc=1:5.32-2ubuntu0.2","libmagic1=1:5.32-2ubuntu0.2","libmagickcore-6.q16-3-extra=8:6.9.7.4+dfsg-16ubuntu6.4","libmagickcore-6.q16-3=8:6.9.7.4+dfsg-16ubuntu6.4","libmagickwand-6.q16-3=8:6.9.7.4+dfsg-16ubuntu6.4","libmailtools-perl=2.18-1","libmbim-glib4=1.14.2-2.1ubuntu1","libmbim-proxy=1.14.2-2.1ubuntu1","libmediaart-2.0-0=1.9.4-1","libmessaging-menu0=13.10.1+17.04.20170120-0ubuntu2","libmhash2=0.9.9.9-7","libminiupnpc10=1.9.20140610-4ubuntu2","libmm-glib0=1.6.8-2ubuntu1","libmnl0=1.0.4-2","libmount1=2.31.1-0.4ubuntu3.3","libmozjs-52-0=52.9.1-0ubuntu0.18.04.1","libmp3lame0=3.100-2","libmpc3=1.1.0-1","libmpdec2=2.4.2-1ubuntu1","libmpeg2-4=0.5.1-8","libmpfr6=4.0.1-1","libmpg123-0=1.25.10-1","libmpx2=8.2.0-1ubuntu2~18.04","libmspack0=0.6-3ubuntu0.2","libmspub-0.1-1=0.1.4-1","libmtdev1=1.1.5-1ubuntu3","libmtp-common=1.1.13-1","libmtp-runtime=1.1.13-1","libmtp9=1.1.13-1","libmutter-2-0=3.28.3-2~ubuntu18.04.2","libmwaw-0.3-3=0.3.13-1","libmysofa0=0.6~dfsg0-2","libmythes-1.2-0=2:1.2.4-3","libnatpmp1=20150609-2","libnautilus-extension1a=1:3.26.4-0~ubuntu18.04.3","libncurses5=6.1-1ubuntu1.18.04","libncursesw5=6.1-1ubuntu1.18.04","libndp0=1.6-1","libneon27-gnutls=0.30.2-2build1","libnet-dbus-perl=1.1.0-4build2","libnet-dns-perl=1.10-2","libnet-domain-tld-perl=1.75-1","libnet-http-perl=6.17-1","libnet-ip-perl=1.26-1","libnet-libidn-perl=0.12.ds-2build4","libnet-smtp-ssl-perl=1.04-1","libnet-ssleay-perl=1.84-1build1","libnetfilter-conntrack3=1.0.6-2","libnetpbm10=2:10.0-15.3build1","libnettle6=3.4-1","libnewt0.52=0.52.20-1ubuntu1","libnfnetlink0=1.0.1-3","libnghttp2-14=1.30.0-1ubuntu1","libnih1=1.0.3-6ubuntu2","libnl-3-200=3.2.29-0ubuntu3","libnl-genl-3-200=3.2.29-0ubuntu3","libnm0=1.10.6-2ubuntu1.1","libnma0=1.8.10-2ubuntu2","libnorm1=1.5r6+dfsg1-6","libnotify-bin=0.7.7-3","libnotify4=0.7.7-3","libnpth0=1.5-3","libnspr4=2:4.18-1ubuntu1","libnss-mdns=0.10-8ubuntu1","libnss-myhostname=237-3ubuntu10.13","libnss-systemd=237-3ubuntu10.13","libnss3=2:3.35-2ubuntu2.2","libntfs-3g88=1:2017.3.23-2ubuntu0.18.04.1","libnuma1=2.0.11-2.1","libnvidia-cfg1-415=415.27-0ubuntu0~gpu18.04.2","libnvidia-common-415=415.27-0ubuntu0~gpu18.04.2","libnvidia-compute-415=415.27-0ubuntu0~gpu18.04.2","libnvidia-compute-415=415.27-0ubuntu0~gpu18.04.2","libnvidia-decode-415=415.27-0ubuntu0~gpu18.04.2","libnvidia-decode-415=415.27-0ubuntu0~gpu18.04.2","libnvidia-encode-415=415.27-0ubuntu0~gpu18.04.2","libnvidia-encode-415=415.27-0ubuntu0~gpu18.04.2","libnvidia-fbc1-415=415.27-0ubuntu0~gpu18.04.2","libnvidia-fbc1-415=415.27-0ubuntu0~gpu18.04.2","libnvidia-gl-415=415.27-0ubuntu0~gpu18.04.2","libnvidia-gl-415=415.27-0ubuntu0~gpu18.04.2","libnvidia-ifr1-415=415.27-0ubuntu0~gpu18.04.2","libnvidia-ifr1-415=415.27-0ubuntu0~gpu18.04.2","liboauth0=1.0.3-1","libodfgen-0.1-1=0.1.6-2","libogg0=1.3.2-1","libopencore-amrnb0=0.1.3-2.1","libopencore-amrwb0=0.1.3-2.1","libopenexr22=2.2.0-11.1ubuntu1","libopenjp2-7=2.3.0-1","libopenmpt0=0.3.6-1","libopus0=1.1.2-1ubuntu1","liborc-0.4-0=1:0.4.28-1","liborcus-0.13-0=0.13.4-2","libp11-kit0=0.23.9-2","libpackagekit-glib2-18=1.1.9-1ubuntu2.18.04.4","libpagemaker-0.0-0=0.0.4-1","libpam-cap=1:2.25-1.2","libpam-gnome-keyring=3.28.0.2-1ubuntu1.18.04.1","libpam-modules-bin=1.1.8-3.6ubuntu2","libpam-modules=1.1.8-3.6ubuntu2","libpam-runtime=1.1.8-3.6ubuntu2","libpam-systemd=237-3ubuntu10.13","libpam0g=1.1.8-3.6ubuntu2","libpango-1.0-0=1.40.14-1ubuntu0.1","libpango1.0-0=1.40.14-1ubuntu0.1","libpangocairo-1.0-0=1.40.14-1ubuntu0.1","libpangoft2-1.0-0=1.40.14-1ubuntu0.1","libpangox-1.0-0=0.0.2-5","libpangoxft-1.0-0=1.40.14-1ubuntu0.1","libpaper-utils=1.1.24+nmu5ubuntu1","libpaper1=1.1.24+nmu5ubuntu1","libparse-debianchangelog-perl=1.2.0-12","libparted-fs-resize0=3.2-20ubuntu0.1","libparted2=3.2-20ubuntu0.1","libpcap0.8=1.8.1-6ubuntu1","libpcaudio0=1.0-1","libpci3=1:3.5.2-1ubuntu1.1","libpciaccess0=0.14-1","libpciaccess0=0.14-1","libpcre3=2:8.39-9","libpcsclite1=1.8.23-1","libpeas-1.0-0=1.22.0-2","libpeas-common=1.22.0-2","libperl5.26=5.26.1-6ubuntu0.3","libperlio-gzip-perl=0.19-1build3","libpgm-5.2-0=5.2.122~dfsg-2","libphonenumber7=7.1.0-5ubuntu5","libpipeline1=1.5.0-1","libpixman-1-0=0.34.0-2","libplist3=2.0.0-2ubuntu1","libplymouth4=0.9.3-1ubuntu7.18.04.1","libpng16-16=1.6.34-1ubuntu0.18.04.1","libpolkit-agent-1-0=0.105-20ubuntu0.18.04.5","libpolkit-backend-1-0=0.105-20ubuntu0.18.04.5","libpolkit-gobject-1-0=0.105-20ubuntu0.18.04.5","libpoppler-glib8=0.62.0-2ubuntu2.8","libpoppler73=0.62.0-2ubuntu2.8","libpopt0=1.16-11","libpostproc54=7:3.4.4-0ubuntu0.18.04.1","libprocps6=2:3.3.12-3ubuntu1.1","libprotobuf10=3.0.0-9.1ubuntu1","libproxy1-plugin-gsettings=0.4.15-1","libproxy1-plugin-networkmanager=0.4.15-1","libproxy1v5=0.4.15-1","libpsl5=0.19.1-5build1","libpulse-mainloop-glib0=1:11.1-1ubuntu7.1","libpulse0=1:11.1-1ubuntu7.1","libpulsedsp=1:11.1-1ubuntu7.1","libpwquality-common=1.4.0-2","libpwquality1=1.4.0-2","libpython2.7-minimal=2.7.15~rc1-1ubuntu0.1","libpython2.7-stdlib=2.7.15~rc1-1ubuntu0.1","libpython2.7=2.7.15~rc1-1ubuntu0.1","libpython3-dev=3.6.7-1~18.04","libpython3-stdlib=3.6.7-1~18.04","libpython3.6-dev=3.6.7-1~18.04","libpython3.6-minimal=3.6.7-1~18.04","libpython3.6-stdlib=3.6.7-1~18.04","libpython3.6=3.6.7-1~18.04","libqmi-glib5=1.18.0-3ubuntu1","libqmi-proxy=1.18.0-3ubuntu1","libqpdf21=8.0.2-3","libqqwing2v5=1.3.4-1.1","libquadmath0=8.2.0-1ubuntu2~18.04","libraptor2-0=2.0.14-1build1","librasqal3=0.9.32-1build1","libraw1394-11=2.1.2-1","libraw16=0.18.8-1ubuntu0.2","librdf0=1.0.17-1.1","libreadline5=5.2+dfsg-3build1","libreadline7=7.0-3","libreoffice-avmedia-backend-gstreamer=1:6.0.7-0ubuntu0.18.04.2","libreoffice-base-core=1:6.0.7-0ubuntu0.18.04.2","libreoffice-calc=1:6.0.7-0ubuntu0.18.04.2","libreoffice-common=1:6.0.7-0ubuntu0.18.04.2","libreoffice-core=1:6.0.7-0ubuntu0.18.04.2","libreoffice-draw=1:6.0.7-0ubuntu0.18.04.2","libreoffice-gnome=1:6.0.7-0ubuntu0.18.04.2","libreoffice-gtk3=1:6.0.7-0ubuntu0.18.04.2","libreoffice-help-en-us=1:6.0.7-0ubuntu0.18.04.2","libreoffice-impress=1:6.0.7-0ubuntu0.18.04.2","libreoffice-math=1:6.0.7-0ubuntu0.18.04.2","libreoffice-ogltrans=1:6.0.7-0ubuntu0.18.04.2","libreoffice-pdfimport=1:6.0.7-0ubuntu0.18.04.2","libreoffice-style-breeze=1:6.0.7-0ubuntu0.18.04.2","libreoffice-style-galaxy=1:6.0.7-0ubuntu0.18.04.2","libreoffice-style-tango=1:6.0.7-0ubuntu0.18.04.2","libreoffice-writer=1:6.0.7-0ubuntu0.18.04.2","librest-0.7-0=0.8.0-2","librevenge-0.0-0=0.0.4-6ubuntu2","librhythmbox-core10=3.4.2-4ubuntu1","libroken18-heimdal=7.5.0+dfsg-1","librsvg2-2=2.40.20-2","librsvg2-common=2.40.20-2","librtmp1=2.4+20151223.gitfa8646d.1-1","librubberband2=1.8.1-7ubuntu2","libsamplerate0=0.1.9-1","libsane-common=1.0.27-1~experimental3ubuntu2","libsane-hpaio=3.17.10+repack0-5","libsane1=1.0.27-1~experimental3ubuntu2","libsasl2-2=2.1.27~101-g0780600+dfsg-3ubuntu2","libsasl2-modules-db=2.1.27~101-g0780600+dfsg-3ubuntu2","libsasl2-modules=2.1.27~101-g0780600+dfsg-3ubuntu2","libsbc1=1.3-2","libseccomp2=2.3.1-2.1ubuntu4","libsecret-1-0=0.18.6-1","libsecret-common=0.18.6-1","libselinux1=2.7-2build2","libsemanage-common=2.7-2build2","libsemanage1=2.7-2build2","libsensors4=1:3.4.0-4","libsensors4=1:3.4.0-4","libsepol1=2.7-1","libsgutils2-2=1.42-2ubuntu1","libshine3=3.1.1-1","libshout3=2.4.1-2build1","libsidplay1v5=1.36.59-11","libslang2=2.3.1a-3ubuntu1","libsm6=2:1.2.2-1","libsmartcols1=2.31.1-0.4ubuntu3.3","libsmbclient=2:4.7.6+dfsg~ubuntu-0ubuntu2.6","libsmbios-c2=2.4.1-1","libsnapd-glib1=1.43-0ubuntu0.18.04.1","libsnappy1v5=1.1.7-1","libsndfile1=1.0.28-4","libsnmp-base=5.7.3+dfsg-1.8ubuntu3.1","libsnmp30=5.7.3+dfsg-1.8ubuntu3.1","libsocket6-perl=0.27-1build2","libsodium23=1.0.16-2","libsonic0=0.2.0-6","libsoup-gnome2.4-1=2.62.1-1ubuntu0.1","libsoup2.4-1=2.62.1-1ubuntu0.1","libsoxr0=0.1.2-3","libspectre1=0.2.8-1","libspeechd2=0.8.8-1ubuntu1","libspeex1=1.2~rc1.2-1ubuntu2","libspeexdsp1=1.2~rc1.2-1ubuntu2","libsqlite3-0=3.22.0-1","libss2=1.44.1-1ubuntu1.1","libssh-4=0.8.0~20170825.94fa1e38-1ubuntu0.2","libssh-gcrypt-4=0.8.0~20170825.94fa1e38-1ubuntu0.2","libssl1.0.0=1.0.2n-1ubuntu5.3","libssl1.1=1.1.0g-2ubuntu4.3","libstartup-notification0=0.12-5","libstdc++-7-dev=7.3.0-27ubuntu1~18.04","libstdc++6=8.2.0-1ubuntu2~18.04","libstdc++6=8.2.0-1ubuntu2~18.04","libstemmer0d=0+svn585-1build1","libsub-name-perl=0.21-1build1","libsuitesparseconfig5=1:5.1.2-2","libswresample2=7:3.4.4-0ubuntu0.18.04.1","libswscale4=7:3.4.4-0ubuntu0.18.04.1","libsysmetrics1=1.3.0~18.04","libsystemd0=237-3ubuntu10.13","libtag1v5-vanilla=1.11.1+dfsg.1-0.2build2","libtag1v5=1.11.1+dfsg.1-0.2build2","libtalloc2=2.1.10-2ubuntu1","libtasn1-6=4.13-2","libtdb1=1.3.15-2","libteamdctl0=1.26-1","libtevent0=0.9.34-1","libtext-charwidth-perl=0.04-7.1","libtext-iconv-perl=1.7-5build6","libtext-levenshtein-perl=0.13-1","libtext-wrapi18n-perl=0.06-7.1","libthai-data=0.1.27-2","libthai0=0.1.27-2","libtheora0=1.1.1+dfsg.1-14","libtie-ixhash-perl=1.23-2","libtiff5=4.0.9-5ubuntu0.2","libtimedate-perl=2.3000-2","libtinfo5=6.1-1ubuntu1.18.04","libtinfo5=6.1-1ubuntu1.18.04","libtotem-plparser-common=3.26.0-1ubuntu2","libtotem-plparser18=3.26.0-1ubuntu2","libtotem0=3.26.0-0ubuntu6.2","libtracker-sparql-2.0-0=2.0.3-1ubuntu4","libtry-tiny-perl=0.30-1","libtsan0=8.2.0-1ubuntu2~18.04","libtwolame0=0.3.13-3","libu2f-udev=1.1.4-1ubuntu0.1","libubsan0=7.3.0-27ubuntu1~18.04","libudev1=237-3ubuntu10.13","libudisks2-0=2.7.6-3ubuntu0.2","libunistring2=0.9.9-0ubuntu1","libunity-protocol-private0=7.1.4+18.04.20180209.1-0ubuntu2","libunity-scopes-json-def-desktop=7.1.4+18.04.20180209.1-0ubuntu2","libunity9=7.1.4+18.04.20180209.1-0ubuntu2","libunwind8=1.2.1-8","libupower-glib3=0.99.7-2","liburi-perl=1.73-1","libusb-1.0-0=2:1.0.21-2","libusbmuxd4=1.1.0~git20171206.c724e70f-0.1","libuuid1=2.31.1-0.4ubuntu3.3","libv4l-0=1.14.2-1","libv4lconvert0=1.14.2-1","libva-drm2=2.1.0-3","libva-wayland2=2.1.0-3","libva-x11-2=2.1.0-3","libva2=2.1.0-3","libvdpau1=1.1.1-3ubuntu1","libvisio-0.1-1=0.1.6-1build1","libvisual-0.4-0=0.4.0-11","libvncclient1=0.9.11+dfsg-1ubuntu1.1","libvo-amrwbenc0=0.1.3-1","libvolume-key1=0.3.9-4","libvorbis0a=1.3.5-4.2","libvorbisenc2=1.3.5-4.2","libvorbisfile3=1.3.5-4.2","libvpx5=1.7.0-3","libvte-2.91-0=0.52.2-1ubuntu1~18.04.2","libvte-2.91-common=0.52.2-1ubuntu1~18.04.2","libwacom-bin=0.29-1","libwacom-common=0.29-1","libwacom2=0.29-1","libwavpack1=5.1.0-2ubuntu1.2","libwayland-client0=1.16.0-1ubuntu1.1~18.04.1","libwayland-cursor0=1.16.0-1ubuntu1.1~18.04.1","libwayland-egl1-mesa=18.2.2-0ubuntu1~18.04.2","libwayland-egl1=1.16.0-1ubuntu1.1~18.04.1","libwayland-server0=1.16.0-1ubuntu1.1~18.04.1","libwbclient0=2:4.7.6+dfsg~ubuntu-0ubuntu2.6","libwebkit2gtk-4.0-37=2.22.6-0ubuntu0.18.04.1","libwebp6=0.6.1-2","libwebpdemux2=0.6.1-2","libwebpmux3=0.6.1-2","libwebrtc-audio-processing1=0.3-1","libwhoopsie-preferences0=0.19","libwhoopsie0=0.2.62","libwind0-heimdal=7.5.0+dfsg-1","libwinpr2-2=2.0.0~git20170725.1.1648deb+dfsg1-7ubuntu0.1","libwmf0.2-7-gtk=0.2.8.4-12","libwmf0.2-7=0.2.8.4-12","libwnck-3-0=3.24.1-2","libwnck-3-common=3.24.1-2","libwoff1=1.0.2-1build0.1","libwpd-0.10-10=0.10.2-2","libwpg-0.3-3=0.3.1-3","libwps-0.4-4=0.4.8-1","libwrap0=7.6.q-27","libwww-perl=6.31-1","libwww-robotrules-perl=6.01-1","libx11-6=2:1.6.4-3ubuntu0.2","libx11-6=2:1.6.4-3ubuntu0.2","libx11-data=2:1.6.4-3ubuntu0.2","libx11-protocol-perl=0.56-7","libx11-xcb1=2:1.6.4-3ubuntu0.2","libx11-xcb1=2:1.6.4-3ubuntu0.2","libx264-152=2:0.152.2854+gite9a5903-2","libx265-146=2.6-3","libxapian30=1.4.5-1ubuntu0.1","libxatracker2=18.2.2-0ubuntu1~18.04.2","libxau6=1:1.0.8-1","libxau6=1:1.0.8-1","libxaw7=2:1.0.13-1","libxcb-dri2-0=1.13-1","libxcb-dri2-0=1.13-1","libxcb-dri3-0=1.13-1","libxcb-dri3-0=1.13-1","libxcb-glx0=1.13-1","libxcb-glx0=1.13-1","libxcb-icccm4=0.4.1-1ubuntu1","libxcb-image0=0.4.0-1build1","libxcb-keysyms1=0.4.0-1","libxcb-present0=1.13-1","libxcb-present0=1.13-1","libxcb-randr0=1.13-1","libxcb-render-util0=0.3.9-1","libxcb-render0=1.13-1","libxcb-res0=1.13-1","libxcb-shape0=1.13-1","libxcb-shm0=1.13-1","libxcb-sync1=1.13-1","libxcb-sync1=1.13-1","libxcb-util1=0.4.0-0ubuntu3","libxcb-xfixes0=1.13-1","libxcb-xkb1=1.13-1","libxcb-xv0=1.13-1","libxcb1=1.13-1","libxcb1=1.13-1","libxcomposite1=1:0.4.4-2","libxcursor1=1:1.1.15-1","libxdamage1=1:1.1.4-3","libxdamage1=1:1.1.4-3","libxdmcp6=1:1.1.2-3","libxdmcp6=1:1.1.2-3","libxext6=2:1.3.3-1","libxext6=2:1.3.3-1","libxfixes3=1:5.0.3-1","libxfixes3=1:5.0.3-1","libxfont2=1:2.0.3-1","libxft2=2.3.2-1","libxi6=2:1.7.9-1","libxinerama1=2:1.1.3-1","libxkbcommon-x11-0=0.8.0-1ubuntu0.1","libxkbcommon0=0.8.0-1ubuntu0.1","libxkbfile1=1:1.0.9-2","libxklavier16=5.4-3","libxml-libxml-perl=2.0128+dfsg-5","libxml-namespacesupport-perl=1.12-1","libxml-parser-perl=2.44-2build3","libxml-sax-base-perl=1.09-1","libxml-sax-expat-perl=0.40-2","libxml-sax-perl=0.99+dfsg-2ubuntu1","libxml-simple-perl=2.24-1","libxml-twig-perl=1:3.50-1","libxml-xpathengine-perl=0.14-1","libxml2=2.9.4+dfsg1-6.1ubuntu1.2","libxmlsec1-nss=1.2.25-1build1","libxmlsec1=1.2.25-1build1","libxmu6=2:1.1.2-2","libxmuu1=2:1.1.2-2","libxnvctrl0=415.27-0ubuntu0~gpu18.04.1","libxpm4=1:3.5.12-1","libxrandr2=2:1.5.1-1","libxrender1=1:0.9.10-1","libxres1=2:1.2.0-2","libxshmfence1=1.3-1","libxshmfence1=1.3-1","libxslt1.1=1.1.29-5","libxss1=1:1.2.2-1","libxt6=1:1.1.5-1","libxtables12=1.6.1-2ubuntu2","libxtst6=2:1.2.3-1","libxv1=2:1.0.11-1","libxvidcore4=2:1.3.5-1","libxvmc1=2:1.0.10-1","libxxf86dga1=2:1.1.4-1","libxxf86vm1=1:1.1.4-1","libxxf86vm1=1:1.1.4-1","libyajl2=2.1.0-2build1","libyaml-0-2=0.1.7-2ubuntu3","libyaml-libyaml-perl=0.69+repack-1","libyelp0=3.26.0-1ubuntu2","libzeitgeist-2.0-0=1.0-0.1ubuntu1","libzmq5=4.2.5-1ubuntu0.1","libzstd1=1.3.3+dfsg-2ubuntu1","libzvbi-common=0.2.35-13","libzvbi0=0.2.35-13","light-themes=16.10+18.04.20181005-0ubuntu1","lintian=2.5.81ubuntu1","linux-base=4.5ubuntu1","linux-firmware=1.173.3","linux-generic-hwe-18.04=4.18.0.17.67","linux-headers-4.18.0-16-generic=4.18.0-16.17~18.04.1","linux-headers-4.18.0-16=4.18.0-16.17~18.04.1","linux-headers-4.18.0-17-generic=4.18.0-17.18~18.04.1","linux-headers-4.18.0-17=4.18.0-17.18~18.04.1","linux-headers-generic-hwe-18.04=4.18.0.17.67","linux-image-4.18.0-15-generic=4.18.0-15.16~18.04.1","linux-image-4.18.0-16-generic=4.18.0-16.17~18.04.1","linux-image-4.18.0-17-generic=4.18.0-17.18~18.04.1","linux-image-generic-hwe-18.04=4.18.0.17.67","linux-libc-dev=4.15.0-47.50","linux-modules-4.18.0-15-generic=4.18.0-15.16~18.04.1","linux-modules-4.18.0-16-generic=4.18.0-16.17~18.04.1","linux-modules-4.18.0-17-generic=4.18.0-17.18~18.04.1","linux-modules-extra-4.18.0-15-generic=4.18.0-15.16~18.04.1","linux-modules-extra-4.18.0-16-generic=4.18.0-16.17~18.04.1","linux-modules-extra-4.18.0-17-generic=4.18.0-17.18~18.04.1","linux-signed-generic-hwe-18.04=4.18.0.17.67","linux-sound-base=1.0.25+dfsg-0ubuntu5","locales=2.27-3ubuntu1","login=1:4.5-1ubuntu1","logrotate=3.11.0-0.1ubuntu1","lp-solve=5.5.0.15-4build1","lsb-base=9.20170808ubuntu1","lsb-release=9.20170808ubuntu1","lshw=02.18-0.1ubuntu6.18.04.1","lsof=4.89+dfsg-0.1","ltrace=0.7.3-6ubuntu1","lvm2=2.02.176-4.1ubuntu3","make=4.1-9.1ubuntu1","man-db=2.8.3-2ubuntu0.1","manpages-dev=4.15-1","manpages=4.15-1","mawk=1.3.3-17ubuntu3","media-player-info=23-1","memtest86+=5.01-3ubuntu2","mesa-va-drivers=18.2.2-0ubuntu1~18.04.2","mesa-vdpau-drivers=18.2.2-0ubuntu1~18.04.2","mime-support=3.60ubuntu1","mlocate=0.26-2ubuntu3.1","mobile-broadband-provider-info=20170903-1","modemmanager=1.6.8-2ubuntu1","mokutil=0.3.0+1538710437.fb6250f-0ubuntu2~18.04.1","mount=2.31.1-0.4ubuntu3.3","mousetweaks=3.12.0-4","mscompress=0.4-3build1","mtools=4.0.18-2ubuntu1","mtr-tiny=0.92-1","multiarch-support=2.27-3ubuntu1","mutter-common=3.28.3-2~ubuntu18.04.2","mutter=3.28.3-2~ubuntu18.04.2","mythes-en-us=1:6.0.3-3","nano=2.9.3-2","nautilus-data=1:3.26.4-0~ubuntu18.04.3","nautilus-extension-gnome-terminal=3.28.2-1ubuntu1~18.04.1","nautilus-sendto=3.8.6-2","nautilus-share=0.7.3-2ubuntu3","nautilus=1:3.26.4-0~ubuntu18.04.3","ncurses-base=6.1-1ubuntu1.18.04","ncurses-bin=6.1-1ubuntu1.18.04","netbase=5.4","netcat-openbsd=1.187-1ubuntu0.1","netpbm=2:10.0-15.3build1","netplan.io=0.40.1~18.04.4","network-manager-config-connectivity-ubuntu=1.10.6-2ubuntu1.1","network-manager-gnome=1.8.10-2ubuntu2","network-manager-pptp-gnome=1.2.6-1","network-manager-pptp=1.2.6-1","network-manager=1.10.6-2ubuntu1.1","networkd-dispatcher=1.7-0ubuntu3.3","notification-daemon=3.20.0-3","nplan=0.40.1~18.04.4","ntfs-3g=1:2017.3.23-2ubuntu0.18.04.1","nvidia-compute-utils-415=415.27-0ubuntu0~gpu18.04.2","nvidia-dkms-415=415.27-0ubuntu0~gpu18.04.2","nvidia-driver-415=415.27-0ubuntu0~gpu18.04.2","nvidia-kernel-common-415=415.27-0ubuntu0~gpu18.04.2","nvidia-kernel-source-415=415.27-0ubuntu0~gpu18.04.2","nvidia-prime=0.8.8.2","nvidia-settings=415.27-0ubuntu0~gpu18.04.1","nvidia-utils-415=415.27-0ubuntu0~gpu18.04.2","openprinting-ppds=20180306-1","openssh-client=1:7.6p1-4ubuntu0.3","openssl=1.1.0g-2ubuntu4.3","orca=3.28.0-3ubuntu1","os-prober=1.74ubuntu1","p11-kit-modules=0.23.9-2","p11-kit=0.23.9-2","packagekit-tools=1.1.9-1ubuntu2.18.04.4","packagekit=1.1.9-1ubuntu2.18.04.4","parted=3.2-20ubuntu0.1","passwd=1:4.5-1ubuntu1","patch=2.7.6-2ubuntu1","patchutils=0.3.4-2","pciutils=1:3.5.2-1ubuntu1.1","pcmciautils=018-8build1","perl-base=5.26.1-6ubuntu0.3","perl-modules-5.26=5.26.1-6ubuntu0.3","perl-openssl-defaults=3build1","perl=5.26.1-6ubuntu0.3","pinentry-curses=1.1.0-1","pinentry-gnome3=1.1.0-1","pkg-config=0.29.1-0ubuntu2","plymouth-label=0.9.3-1ubuntu7.18.04.1","plymouth-theme-ubuntu-logo=0.9.3-1ubuntu7.18.04.1","plymouth-theme-ubuntu-text=0.9.3-1ubuntu7.18.04.1","plymouth=0.9.3-1ubuntu7.18.04.1","policykit-1=0.105-20ubuntu0.18.04.5","policykit-desktop-privileges=0.20","poppler-data=0.4.8-2","poppler-utils=0.62.0-2ubuntu2.8","popularity-contest=1.66ubuntu1","powermgmt-base=1.33","ppp=2.4.7-2+2ubuntu1.1","pppconfig=2.3.23","pppoeconf=1.21ubuntu1","pptp-linux=1.9.0+ds-2","printer-driver-brlaser=4-1","printer-driver-c2esp=27-4","printer-driver-foo2zjs-common=20170320dfsg0-4","printer-driver-foo2zjs=20170320dfsg0-4","printer-driver-gutenprint=5.2.13-2","printer-driver-hpcups=3.17.10+repack0-5","printer-driver-m2300w=0.51-13","printer-driver-min12xxw=0.0.9-10","printer-driver-pnm2ppa=1.13+nondbs-0ubuntu6","printer-driver-postscript-hp=3.17.10+repack0-5","printer-driver-ptouch=1.4.2-3","printer-driver-pxljr=1.4+repack0-5","printer-driver-sag-gdi=0.1-5","printer-driver-splix=2.0.0+svn315-6fakesync1","procps=2:3.3.12-3ubuntu1.1","psmisc=23.1-1ubuntu0.1","publicsuffix=20180223.1310-1","pulseaudio-module-bluetooth=1:11.1-1ubuntu7.1","pulseaudio-utils=1:11.1-1ubuntu7.1","pulseaudio=1:11.1-1ubuntu7.1","python-apt-common=1.6.3ubuntu1","python-pip-whl=9.0.1-2.3~ubuntu1","python-talloc=2.1.10-2ubuntu1","python3-apport=2.20.9-0ubuntu7.5","python3-apt=1.6.3ubuntu1","python3-aptdaemon.gtk3widgets=1.1.1+bzr982-0ubuntu19","python3-aptdaemon=1.1.1+bzr982-0ubuntu19","python3-asn1crypto=0.24.0-1","python3-brlapi=5.5-4ubuntu2.0.1","python3-cairo=1.16.2-1","python3-certifi=2018.1.18-2","python3-cffi-backend=1.11.5-1","python3-chardet=3.0.4-1","python3-commandnotfound=18.04.5","python3-crypto=2.6.1-8ubuntu2","python3-cryptography=2.1.4-1ubuntu1.2","python3-cups=1.9.73-2","python3-cupshelpers=1.5.11-1ubuntu2","python3-dbus=1.2.6-1","python3-debconf=1.5.66","python3-debian=0.1.32","python3-decorator=4.1.2-1","python3-defer=1.0.6-2build1","python3-dev=3.6.7-1~18.04","python3-distro-info=0.18","python3-distupgrade=1:18.04.30","python3-distutils=3.6.7-1~18.04","python3-gdbm=3.6.7-1~18.04","python3-gi-cairo=3.26.1-2","python3-gi=3.26.1-2","python3-httplib2=0.9.2+dfsg-1","python3-idna=2.6-1","python3-ipython-genutils=0.2.0-1","python3-jupyter-core=4.4.0-2","python3-keyring=10.6.0-1","python3-keyrings.alt=3.0-1","python3-launchpadlib=1.10.6-1","python3-lazr.restfulclient=0.13.5-1","python3-lazr.uri=1.0.3-2build1","python3-lib2to3=3.6.7-1~18.04","python3-louis=3.5.0-1ubuntu0.3","python3-macaroonbakery=1.1.3-1","python3-mako=1.0.7+ds1-1","python3-markupsafe=1.0-1build1","python3-minimal=3.6.7-1~18.04","python3-nacl=1.1.2-1build1","python3-netifaces=0.10.4-0.1build4","python3-oauth=1.0.1-5","python3-olefile=0.45.1-1","python3-pbr=3.1.1-3ubuntu3","python3-pexpect=4.2.1-1","python3-pil=5.1.0-1","python3-pip=9.0.1-2.3~ubuntu1","python3-pkg-resources=39.0.1-2","python3-problem-report=2.20.9-0ubuntu7.5","python3-protobuf=3.0.0-9.1ubuntu1","python3-ptyprocess=0.5.2-1","python3-pyatspi=2.26.0+dfsg-1","python3-pymacaroons=0.13.0-1","python3-renderpm=3.4.0-3build1","python3-reportlab-accel=3.4.0-3build1","python3-reportlab=3.4.0-3build1","python3-requests-unixsocket=0.1.5-3","python3-requests=2.18.4-2ubuntu0.1","python3-rfc3339=1.0-4","python3-secretstorage=2.3.1-2","python3-setuptools=39.0.1-2","python3-simplejson=3.13.2-1","python3-six=1.11.0-2","python3-software-properties=0.96.24.32.7","python3-speechd=0.8.8-1ubuntu1","python3-systemd=234-1build1","python3-traitlets=4.3.2-1","python3-tz=2018.3-2","python3-uno=1:6.0.7-0ubuntu0.18.04.2","python3-update-manager=1:18.04.11.9","python3-urllib3=1.22-1","python3-wadllib=1.3.2-3ubuntu0.18.04.1","python3-wheel=0.30.0-0.2","python3-xdg=0.25-4ubuntu1","python3-xkit=0.5.0ubuntu2","python3-yaml=3.12-1build2","python3-zope.interface=4.3.2-1build2","python3.6-dev=3.6.7-1~18.04","python3.6-minimal=3.6.7-1~18.04","python3.6=3.6.7-1~18.04","python3=3.6.7-1~18.04","qpdf=8.0.2-3","readline-common=7.0-3","remmina-common=1.2.0-rcgit.29+dfsg-1ubuntu1","remmina-plugin-rdp=1.2.0-rcgit.29+dfsg-1ubuntu1","remmina-plugin-secret=1.2.0-rcgit.29+dfsg-1ubuntu1","remmina-plugin-vnc=1.2.0-rcgit.29+dfsg-1ubuntu1","remmina=1.2.0-rcgit.29+dfsg-1ubuntu1","rfkill=2.31.1-0.4ubuntu3.3","rhythmbox-data=3.4.2-4ubuntu1","rhythmbox-plugin-alternative-toolbar=0.18.0-1","rhythmbox-plugins=3.4.2-4ubuntu1","rhythmbox=3.4.2-4ubuntu1","rsync=3.1.2-2.1ubuntu1","rsyslog=8.32.0-1ubuntu4","rtkit=0.11-6","samba-libs=2:4.7.6+dfsg~ubuntu-0ubuntu2.6","sane-utils=1.0.27-1~experimental3ubuntu2","sbsigntool=0.6-3.2ubuntu2","screen-resolution-extra=0.17.3","seahorse=3.20.0-5","secureboot-db=1.4~ubuntu0.18.04.1","sed=4.4-2","sensible-utils=0.0.12","session-migration=0.3.3","shared-mime-info=1.9-2","shim-signed=1.37~18.04.3+15+1533136590.3beb971-0ubuntu1","shim=15+1533136590.3beb971-0ubuntu1","shotwell-common=0.28.4-0ubuntu1","shotwell=0.28.4-0ubuntu1","simple-scan=3.28.0-0ubuntu1","snapd=2.37.4+18.04.1","software-properties-common=0.96.24.32.7","software-properties-gtk=0.96.24.32.7","sound-icons=0.1-6","sound-theme-freedesktop=0.8-2ubuntu1","speech-dispatcher-audio-plugins=0.8.8-1ubuntu1","speech-dispatcher-espeak-ng=0.8.8-1ubuntu1","speech-dispatcher=0.8.8-1ubuntu1","spice-vdagent=0.17.0-1ubuntu2","squashfs-tools=1:4.3-6ubuntu0.18.04.1","ssl-cert=1.0.39","strace=4.21-1ubuntu1","sublime-text=3176","sudo=1.8.21p2-3ubuntu1","syslinux-common=3:6.03+dfsg1-2","syslinux-legacy=2:3.63+dfsg-2ubuntu9","syslinux=3:6.03+dfsg1-2","system-config-printer-common=1.5.11-1ubuntu2","system-config-printer-udev=1.5.11-1ubuntu2","system-config-printer=1.5.11-1ubuntu2","systemd-sysv=237-3ubuntu10.13","systemd=237-3ubuntu10.13","sysvinit-utils=2.88dsf-59.10ubuntu1","t1utils=1.41-2","tar=1.29b-2ubuntu0.1","tcpdump=4.9.2-3","telnet=0.17-41","thermald=1.7.0-5ubuntu2","thunderbird-gnome-support=1:60.6.1+build2-0ubuntu0.18.04.1","thunderbird-locale-en-us=1:60.6.1+build2-0ubuntu0.18.04.1","thunderbird-locale-en=1:60.6.1+build2-0ubuntu0.18.04.1","thunderbird=1:60.6.1+build2-0ubuntu0.18.04.1","time=1.7-25.1build1","totem-common=3.26.0-0ubuntu6.2","totem-plugins=3.26.0-0ubuntu6.2","totem=3.26.0-0ubuntu6.2","transmission-common=2.92-3ubuntu2","transmission-gtk=2.92-3ubuntu2","ttf-mscorefonts-installer=3.6ubuntu2","tzdata=2018i-0ubuntu0.18.04","ubuntu-advantage-tools=17","ubuntu-artwork=1:16.10+18.04.20181005-0ubuntu1","ubuntu-desktop=1.417","ubuntu-docs=18.04.4","ubuntu-drivers-common=1:0.5.2.2","ubuntu-keyring=2018.09.18.1~18.04.0","ubuntu-minimal=1.417","ubuntu-mono=16.10+18.04.20181005-0ubuntu1","ubuntu-release-upgrader-core=1:18.04.30","ubuntu-release-upgrader-gtk=1:18.04.30","ubuntu-report=1.3.0~18.04","ubuntu-restricted-addons=26","ubuntu-restricted-extras=66","ubuntu-session=3.28.1-0ubuntu3","ubuntu-settings=18.04.6","ubuntu-software=3.28.1-0ubuntu4.18.04.8","ubuntu-sounds=0.13","ubuntu-standard=1.417","ubuntu-system-service=0.3.1","ubuntu-wallpapers-bionic=18.04.1-0ubuntu1","ubuntu-wallpapers=18.04.1-0ubuntu1","ubuntu-web-launchers=18.04.6","ucf=3.0038","udev=237-3ubuntu10.13","udisks2=2.7.6-3ubuntu0.2","ufw=0.35-5","unattended-upgrades=1.1ubuntu1.18.04.8","uno-libs3=6.0.7-0ubuntu0.18.04.2","unrar=1:5.5.8-1","unzip=6.0-21ubuntu1","update-inetd=4.44","update-manager-core=1:18.04.11.9","update-manager=1:18.04.11.9","update-notifier-common=3.192.1.5","update-notifier=3.192.1.5","upower=0.99.7-2","ure=6.0.7-0ubuntu0.18.04.2","ureadahead=0.100.0-20","usb-creator-common=0.3.5","usb-creator-gtk=0.3.5","usb-modeswitch-data=20170806-2","usb-modeswitch=2.5.2+repack0-2ubuntu1","usbmuxd=1.1.0-2ubuntu0.1","usbutils=1:007-4build1","util-linux=2.31.1-0.4ubuntu3.3","uuid-runtime=2.31.1-0.4ubuntu3.3","va-driver-all=2.1.0-3","vdpau-driver-all=1.1.1-3ubuntu1","vim-common=2:8.0.1453-1ubuntu1","vim-runtime=2:8.0.1453-1ubuntu1","vim-tiny=2:8.0.1453-1ubuntu1","vim=2:8.0.1453-1ubuntu1","vino=3.22.0-3ubuntu1","wamerican=2017.08.24-1","wbritish=2017.08.24-1","wget=1.19.4-1ubuntu2.1","whiptail=0.52.20-1ubuntu1","whoopsie-preferences=0.19","whoopsie=0.2.62","wireless-regdb=2018.05.09-0ubuntu1~18.04.1","wireless-tools=30~pre9-12ubuntu1","wpasupplicant=2:2.6-15ubuntu2.1","x11-apps=7.7+6ubuntu1","x11-common=1:7.7+19ubuntu7.1","x11-session-utils=7.7+2build1","x11-utils=7.7+3build1","x11-xkb-utils=7.7+3ubuntu0.18.04.1","x11-xserver-utils=7.7+7build1","xauth=1:1.0.10-1","xbitmaps=1.1.1-2","xbrlapi=5.5-4ubuntu2.0.1","xcursor-themes=1.0.4-1","xdg-user-dirs-gtk=0.10-2","xdg-user-dirs=0.17-1ubuntu1","xdg-utils=1.1.2-1ubuntu2.3","xfonts-base=1:1.0.4+nmu1","xfonts-encodings=1:1.0.4-2","xfonts-scalable=1:1.0.3-1.1","xfonts-utils=1:7.7+6","xinit=1.3.4-3ubuntu3","xinput=1.6.2-1build1","xkb-data=2.23.1-1ubuntu1","xorg-docs-core=1:1.7.1-1.1","xorg=1:7.7+19ubuntu7.1","xserver-common=2:1.19.6-1ubuntu4.2","xserver-xephyr=2:1.19.6-1ubuntu4.2","xserver-xorg-core-hwe-18.04=2:1.20.1-3ubuntu2.1~18.04.1","xserver-xorg-hwe-18.04=1:7.7+19ubuntu8~18.04.2","xserver-xorg-input-all-hwe-18.04=1:7.7+19ubuntu8~18.04.2","xserver-xorg-input-libinput-hwe-18.04=0.28.1-1~18.04.1","xserver-xorg-input-wacom-hwe-18.04=1:0.36.1-0ubuntu1~18.04.1","xserver-xorg-legacy-hwe-18.04=2:1.20.1-3ubuntu2.1~18.04.1","xserver-xorg-video-all-hwe-18.04=1:7.7+19ubuntu8~18.04.2","xserver-xorg-video-amdgpu-hwe-18.04=18.1.0-1~18.04.1","xserver-xorg-video-ati-hwe-18.04=1:18.1.0-1~18.04.1","xserver-xorg-video-fbdev-hwe-18.04=1:0.5.0-1ubuntu1~18.04.1","xserver-xorg-video-intel-hwe-18.04=2:2.99.917+git20171229-1ubuntu1~18.04.1","xserver-xorg-video-nouveau-hwe-18.04=1:1.0.15-3~18.04.1","xserver-xorg-video-nvidia-415=415.27-0ubuntu0~gpu18.04.2","xserver-xorg-video-qxl-hwe-18.04=0.1.5-2build2~18.04.1","xserver-xorg-video-radeon-hwe-18.04=1:18.1.0-1~18.04.1","xserver-xorg-video-vesa-hwe-18.04=1:2.4.0-1~18.04.1","xserver-xorg-video-vmware-hwe-18.04=1:13.3.0-2build1~18.04.1","xul-ext-ubufox=3.4-0ubuntu1.17.10.1","xwayland=2:1.19.6-1ubuntu4.2","xxd=2:8.0.1453-1ubuntu1","xz-utils=5.2.2-1.3","yelp-xsl=3.20.1-4","yelp=3.26.0-1ubuntu2","zeitgeist-core=1.0-0.1ubuntu1","zenity-common=3.28.1-1","zenity=3.28.1-1","zip=3.0-11build1","zlib1g=1:1.2.11.dfsg-0ubuntu2","zlib1g=1:1.2.11.dfsg-0ubuntu2"],"param":null,"params":null,"stderr":null,"stdout":null},"type":"ws_msg"}
{"payload":{"code":null,"context":null,"env_details":{"command":["ali_train.py","--config","HALI"],"hostname":"raha","ip":"132.204.124.177","network_interfaces_ips":["127.0.0.1","132.204.124.177"],"os":"Linux-4.18.0-16-generic-x86_64-with-debian-buster-sid","os_type":"Linux","pid":29651,"python_exe":"/home/onu/miniconda3/bin/python","python_version":"3.7.1","python_version_verbose":"3.7.1 (default, Dec 14 2018, 19:28:38) \n[GCC 7.3.0]","user":"onu"},"fileName":null,"git_meta":null,"gpu_static_info":null,"graph":null,"html":null,"htmlOverride":null,"installed_packages":null,"local_timestamp":1554661617137,"log_dependency":null,"log_other":null,"log_system_info":null,"metric":null,"offset":5,"os_packages":null,"param":null,"params":null,"stderr":null,"stdout":null},"type":"ws_msg"}
{"payload":{"code":null,"context":null,"env_details":null,"fileName":null,"git_meta":null,"gpu_static_info":[{"gpu_index":0,"name":"GeForce GTX 1080 Ti","power_limit":250000,"total_memory":11721506816,"uuid":"GPU-b6a73cdf-87cf-83fa-94b5-ff97bccf8f3c"},{"gpu_index":1,"name":"Quadro P2000","power_limit":75000,"total_memory":5301469184,"uuid":"GPU-f5abfb79-6975-7899-41ac-cb3480967f9f"}],"graph":null,"html":null,"htmlOverride":null,"installed_packages":null,"local_timestamp":1554661617256,"log_dependency":null,"log_other":null,"log_system_info":null,"metric":null,"offset":6,"os_packages":null,"param":null,"params":null,"stderr":null,"stdout":null},"type":"ws_msg"}
{"payload":{"code":null,"context":null,"env_details":null,"fileName":null,"git_meta":null,"gpu_static_info":null,"graph":null,"html":null,"htmlOverride":null,"installed_packages":null,"local_timestamp":1554661617257,"log_dependency":null,"log_other":null,"log_system_info":null,"metric":{"metricName":"sys.gpu.0.total_memory","metricValue":11721506816,"step":null},"offset":7,"os_packages":null,"param":null,"params":null,"stderr":null,"stdout":null},"type":"ws_msg"}
{"payload":{"code":null,"context":null,"env_details":null,"fileName":null,"git_meta":null,"gpu_static_info":null,"graph":null,"html":null,"htmlOverride":null,"installed_packages":null,"local_timestamp":1554661617257,"log_dependency":null,"log_other":null,"log_system_info":null,"metric":{"metricName":"sys.gpu.1.total_memory","metricValue":5301469184,"step":null},"offset":8,"os_packages":null,"param":null,"params":null,"stderr":null,"stdout":null},"type":"ws_msg"}
{"payload":{"code":null,"context":null,"env_details":null,"fileName":null,"git_meta":null,"gpu_static_info":null,"graph":null,"html":null,"htmlOverride":null,"installed_packages":null,"local_timestamp":1554661617261,"log_dependency":null,"log_other":null,"log_system_info":null,"metric":{"metricName":"sys.gpu.0.free_memory","metricValue":10919280640,"step":null},"offset":9,"os_packages":null,"param":null,"params":null,"stderr":null,"stdout":null},"type":"ws_msg"}
{"payload":{"code":null,"context":null,"env_details":null,"fileName":null,"git_meta":null,"gpu_static_info":null,"graph":null,"html":null,"htmlOverride":null,"installed_packages":null,"local_timestamp":1554661617261,"log_dependency":null,"log_other":null,"log_system_info":null,"metric":{"metricName":"sys.gpu.0.used_memory","metricValue":802226176,"step":null},"offset":10,"os_packages":null,"param":null,"params":null,"stderr":null,"stdout":null},"type":"ws_msg"}
{"payload":{"code":null,"context":null,"env_details":null,"fileName":null,"git_meta":null,"gpu_static_info":null,"graph":null,"html":null,"htmlOverride":null,"installed_packages":null,"local_timestamp":1554661617261,"log_dependency":null,"log_other":null,"log_system_info":null,"metric":{"metricName":"sys.gpu.0.gpu_utilization","metricValue":0,"step":null},"offset":11,"os_packages":null,"param":null,"params":null,"stderr":null,"stdout":null},"type":"ws_msg"}
{"payload":{"code":null,"context":null,"env_details":null,"fileName":null,"git_meta":null,"gpu_static_info":null,"graph":null,"html":null,"htmlOverride":null,"installed_packages":null,"local_timestamp":1554661617261,"log_dependency":null,"log_other":null,"log_system_info":null,"metric":{"metricName":"sys.gpu.1.free_memory","metricValue":4689625088,"step":null},"offset":12,"os_packages":null,"param":null,"params":null,"stderr":null,"stdout":null},"type":"ws_msg"}
{"payload":{"code":null,"context":null,"env_details":null,"fileName":null,"git_meta":null,"gpu_static_info":null,"graph":null,"html":null,"htmlOverride":null,"installed_packages":null,"local_timestamp":1554661617261,"log_dependency":null,"log_other":null,"log_system_info":null,"metric":{"metricName":"sys.gpu.1.used_memory","metricValue":611844096,"step":null},"offset":13,"os_packages":null,"param":null,"params":null,"stderr":null,"stdout":null},"type":"ws_msg"}
{"payload":{"code":null,"context":null,"env_details":null,"fileName":null,"git_meta":null,"gpu_static_info":null,"graph":null,"html":null,"htmlOverride":null,"installed_packages":null,"local_timestamp":1554661617263,"log_dependency":null,"log_other":null,"log_system_info":null,"metric":{"metricName":"sys.gpu.1.gpu_utilization","metricValue":5,"step":null},"offset":14,"os_packages":null,"param":null,"params":null,"stderr":null,"stdout":null},"type":"ws_msg"}
{"payload":{"code":null,"context":null,"env_details":null,"fileName":null,"git_meta":{"branch":"refs/heads/ali_plus","origin":"git@github.com:swechhachoudhary/ift6759-horoma.git","parent":"863081ad9d91d81744d6d9beae606b5b41878d36","repo_name":"ift6759-horoma","root":"619b6b48773e721629722e4d83ca221f2c8e399a","status":null,"user":"Tim"},"gpu_static_info":null,"graph":null,"html":null,"htmlOverride":null,"installed_packages":null,"local_timestamp":1554661617283,"log_dependency":null,"log_other":null,"log_system_info":null,"metric":null,"offset":15,"os_packages":null,"param":null,"params":null,"stderr":null,"stdout":null},"type":"ws_msg"}
{"payload":{"additional_params":null,"file_path":"tmp_kw631my","local_timestamp":1554661617307,"offset":16,"upload_type":"git-patch"},"type":"file_upload"}
{"payload":{"code":null,"context":null,"env_details":null,"fileName":null,"git_meta":null,"gpu_static_info":null,"graph":null,"html":null,"htmlOverride":null,"installed_packages":null,"local_timestamp":1554661617307,"log_dependency":null,"log_other":null,"log_system_info":null,"metric":null,"offset":17,"os_packages":null,"param":{"paramName":"config","paramValue":"HALI","step":null},"params":null,"stderr":null,"stdout":null},"type":"ws_msg"}
{"payload":{"code":null,"context":null,"env_details":null,"fileName":null,"git_meta":null,"gpu_static_info":null,"graph":null,"html":null,"htmlOverride":null,"installed_packages":null,"local_timestamp":1554661617307,"log_dependency":null,"log_other":{"key":"Name","val":"HALI_dim=256_overlapped=train_all"},"log_system_info":null,"metric":null,"offset":18,"os_packages":null,"param":null,"params":null,"stderr":null,"stdout":null},"type":"ws_msg"}
{"payload":{"code":null,"context":null,"env_details":null,"fileName":null,"git_meta":null,"gpu_static_info":null,"graph":null,"html":null,"htmlOverride":null,"installed_packages":null,"local_timestamp":1554661617307,"log_dependency":null,"log_other":null,"log_system_info":null,"metric":null,"offset":19,"os_packages":null,"param":{"paramName":"IMAGE_PATH","paramValue":"images_hali","step":null},"params":null,"stderr":null,"stdout":null},"type":"ws_msg"}
{"payload":{"code":null,"context":null,"env_details":null,"fileName":null,"git_meta":null,"gpu_static_info":null,"graph":null,"html":null,"htmlOverride":null,"installed_packages":null,"local_timestamp":1554661617307,"log_dependency":null,"log_other":null,"log_system_info":null,"metric":null,"offset":20,"os_packages":null,"param":{"paramName":"MODEL_PATH","paramValue":"models_hali","step":null},"params":null,"stderr":null,"stdout":null},"type":"ws_msg"}
{"payload":{"code":null,"context":null,"env_details":null,"fileName":null,"git_meta":null,"gpu_static_info":null,"graph":null,"html":null,"htmlOverride":null,"installed_packages":null,"local_timestamp":1554661617307,"log_dependency":null,"log_other":null,"log_system_info":null,"metric":null,"offset":21,"os_packages":null,"param":{"paramName":"Zdim","paramValue":256,"step":null},"params":null,"stderr":null,"stdout":null},"type":"ws_msg"}
{"payload":{"code":null,"context":null,"env_details":null,"fileName":null,"git_meta":null,"gpu_static_info":null,"graph":null,"html":null,"htmlOverride":null,"installed_packages":null,"local_timestamp":1554661617308,"log_dependency":null,"log_other":null,"log_system_info":null,"metric":null,"offset":22,"os_packages":null,"param":{"paramName":"amsgrad","paramValue":false,"step":null},"params":null,"stderr":null,"stdout":null},"type":"ws_msg"}
{"payload":{"code":null,"context":null,"env_details":null,"fileName":null,"git_meta":null,"gpu_static_info":null,"graph":null,"html":null,"htmlOverride":null,"installed_packages":null,"local_timestamp":1554661617308,"log_dependency":null,"log_other":null,"log_system_info":null,"metric":null,"offset":23,"os_packages":null,"param":{"paramName":"batch_size","paramValue":32,"step":null},"params":null,"stderr":null,"stdout":null},"type":"ws_msg"}
{"payload":{"code":null,"context":null,"env_details":null,"fileName":null,"git_meta":null,"gpu_static_info":null,"graph":null,"html":null,"htmlOverride":null,"installed_packages":null,"local_timestamp":1554661617308,"log_dependency":null,"log_other":null,"log_system_info":null,"metric":null,"offset":24,"os_packages":null,"param":{"paramName":"cluster","paramValue":false,"step":null},"params":null,"stderr":null,"stdout":null},"type":"ws_msg"}
{"payload":{"code":null,"context":null,"env_details":null,"fileName":null,"git_meta":null,"gpu_static_info":null,"graph":null,"html":null,"htmlOverride":null,"installed_packages":null,"local_timestamp":1554661617308,"log_dependency":null,"log_other":null,"log_system_info":null,"metric":null,"offset":25,"os_packages":null,"param":{"paramName":"cluster_model","paramValue":"svm","step":null},"params":null,"stderr":null,"stdout":null},"type":"ws_msg"}
{"payload":{"code":null,"context":null,"env_details":null,"fileName":null,"git_meta":null,"gpu_static_info":null,"graph":null,"html":null,"htmlOverride":null,"installed_packages":null,"local_timestamp":1554661617308,"log_dependency":null,"log_other":null,"log_system_info":null,"metric":null,"offset":26,"os_packages":null,"param":{"paramName":"continue_from","paramValue":22,"step":null},"params":null,"stderr":null,"stdout":null},"type":"ws_msg"}
{"payload":{"code":null,"context":null,"env_details":null,"fileName":null,"git_meta":null,"gpu_static_info":null,"graph":null,"html":null,"htmlOverride":null,"installed_packages":null,"local_timestamp":1554661617308,"log_dependency":null,"log_other":null,"log_system_info":null,"metric":null,"offset":27,"os_packages":null,"param":{"paramName":"enc_model","paramValue":"hali","step":null},"params":null,"stderr":null,"stdout":null},"type":"ws_msg"}
{"payload":{"code":null,"context":null,"env_details":null,"fileName":null,"git_meta":null,"gpu_static_info":null,"graph":null,"html":null,"htmlOverride":null,"installed_packages":null,"local_timestamp":1554661617308,"log_dependency":null,"log_other":null,"log_system_info":null,"metric":null,"offset":28,"os_packages":null,"param":{"paramName":"encode","paramValue":true,"step":null},"params":null,"stderr":null,"stdout":null},"type":"ws_msg"}
{"payload":{"code":null,"context":null,"env_details":null,"fileName":null,"git_meta":null,"gpu_static_info":null,"graph":null,"html":null,"htmlOverride":null,"installed_packages":null,"local_timestamp":1554661617308,"log_dependency":null,"log_other":null,"log_system_info":null,"metric":null,"offset":29,"os_packages":null,"param":{"paramName":"experiment","paramValue":"ADAM","step":null},"params":null,"stderr":null,"stdout":null},"type":"ws_msg"}
{"payload":{"code":null,"context":null,"env_details":null,"fileName":null,"git_meta":null,"gpu_static_info":null,"graph":null,"html":null,"htmlOverride":null,"installed_packages":null,"local_timestamp":1554661617308,"log_dependency":null,"log_other":null,"log_system_info":null,"metric":null,"offset":30,"os_packages":null,"param":{"paramName":"extragradient","paramValue":true,"step":null},"params":null,"stderr":null,"stdout":null},"type":"ws_msg"}
{"payload":{"code":null,"context":null,"env_details":null,"fileName":null,"git_meta":null,"gpu_static_info":null,"graph":null,"html":null,"htmlOverride":null,"installed_packages":null,"local_timestamp":1554661617308,"log_dependency":null,"log_other":null,"log_system_info":null,"metric":null,"offset":31,"os_packages":null,"param":{"paramName":"gp","paramValue":true,"step":null},"params":null,"stderr":null,"stdout":null},"type":"ws_msg"}
{"payload":{"code":null,"context":null,"env_details":null,"fileName":null,"git_meta":null,"gpu_static_info":null,"graph":null,"html":null,"htmlOverride":null,"installed_packages":null,"local_timestamp":1554661617308,"log_dependency":null,"log_other":null,"log_system_info":null,"metric":null,"offset":32,"os_packages":null,"param":{"paramName":"gp_lambda","paramValue":1,"step":null},"params":null,"stderr":null,"stdout":null},"type":"ws_msg"}
{"payload":{"code":null,"context":null,"env_details":null,"fileName":null,"git_meta":null,"gpu_static_info":null,"graph":null,"html":null,"htmlOverride":null,"installed_packages":null,"local_timestamp":1554661617308,"log_dependency":null,"log_other":null,"log_system_info":null,"metric":null,"offset":33,"os_packages":null,"param":{"paramName":"gp_variant","paramValue":1,"step":null},"params":null,"stderr":null,"stdout":null},"type":"ws_msg"}
{"payload":{"code":null,"context":null,"env_details":null,"fileName":null,"git_meta":null,"gpu_static_info":null,"graph":null,"html":null,"htmlOverride":null,"installed_packages":null,"local_timestamp":1554661617308,"log_dependency":null,"log_other":null,"log_system_info":null,"metric":null,"offset":34,"os_packages":null,"param":{"paramName":"lr_d","paramValue":0.0001,"step":null},"params":null,"stderr":null,"stdout":null},"type":"ws_msg"}
{"payload":{"code":null,"context":null,"env_details":null,"fileName":null,"git_meta":null,"gpu_static_info":null,"graph":null,"html":null,"htmlOverride":null,"installed_packages":null,"local_timestamp":1554661617308,"log_dependency":null,"log_other":null,"log_system_info":null,"metric":null,"offset":35,"os_packages":null,"param":{"paramName":"lr_g","paramValue":0.0001,"step":null},"params":null,"stderr":null,"stdout":null},"type":"ws_msg"}
{"payload":{"code":null,"context":null,"env_details":null,"fileName":null,"git_meta":null,"gpu_static_info":null,"graph":null,"html":null,"htmlOverride":null,"installed_packages":null,"local_timestamp":1554661617308,"log_dependency":null,"log_other":null,"log_system_info":null,"metric":null,"offset":36,"os_packages":null,"param":{"paramName":"n_critic","paramValue":1,"step":null},"params":null,"stderr":null,"stdout":null},"type":"ws_msg"}
{"payload":{"code":null,"context":null,"env_details":null,"fileName":null,"git_meta":null,"gpu_static_info":null,"graph":null,"html":null,"htmlOverride":null,"installed_packages":null,"local_timestamp":1554661617308,"log_dependency":null,"log_other":null,"log_system_info":null,"metric":null,"offset":37,"os_packages":null,"param":{"paramName":"n_epochs","paramValue":5000,"step":null},"params":null,"stderr":null,"stdout":null},"type":"ws_msg"}
{"payload":{"code":null,"context":null,"env_details":null,"fileName":null,"git_meta":null,"gpu_static_info":null,"graph":null,"html":null,"htmlOverride":null,"installed_packages":null,"local_timestamp":1554661617308,"log_dependency":null,"log_other":null,"log_system_info":null,"metric":null,"offset":38,"os_packages":null,"param":{"paramName":"optim","paramValue":"Adam","step":null},"params":null,"stderr":null,"stdout":null},"type":"ws_msg"}
{"payload":{"code":null,"context":null,"env_details":null,"fileName":null,"git_meta":null,"gpu_static_info":null,"graph":null,"html":null,"htmlOverride":null,"installed_packages":null,"local_timestamp":1554661617308,"log_dependency":null,"log_other":null,"log_system_info":null,"metric":null,"offset":39,"os_packages":null,"param":{"paramName":"overlapped","paramValue":false,"step":null},"params":null,"stderr":null,"stdout":null},"type":"ws_msg"}
{"payload":{"code":null,"context":null,"env_details":null,"fileName":null,"git_meta":null,"gpu_static_info":null,"graph":null,"html":null,"htmlOverride":null,"installed_packages":null,"local_timestamp":1554661617308,"log_dependency":null,"log_other":null,"log_system_info":null,"metric":null,"offset":40,"os_packages":null,"param":{"paramName":"seed","paramValue":1234,"step":null},"params":null,"stderr":null,"stdout":null},"type":"ws_msg"}
{"payload":{"code":null,"context":null,"env_details":null,"fileName":null,"git_meta":null,"gpu_static_info":null,"graph":null,"html":null,"htmlOverride":null,"installed_packages":null,"local_timestamp":1554661617308,"log_dependency":null,"log_other":null,"log_system_info":null,"metric":null,"offset":41,"os_packages":null,"param":{"paramName":"train_labeled_split","paramValue":"train_labeled","step":null},"params":null,"stderr":null,"stdout":null},"type":"ws_msg"}
{"payload":{"code":null,"context":null,"env_details":null,"fileName":null,"git_meta":null,"gpu_static_info":null,"graph":null,"html":null,"htmlOverride":null,"installed_packages":null,"local_timestamp":1554661617308,"log_dependency":null,"log_other":null,"log_system_info":null,"metric":null,"offset":42,"os_packages":null,"param":{"paramName":"train_split","paramValue":"train_all","step":null},"params":null,"stderr":null,"stdout":null},"type":"ws_msg"}
{"payload":{"code":null,"context":null,"env_details":null,"fileName":null,"git_meta":null,"gpu_static_info":null,"graph":null,"html":null,"htmlOverride":null,"installed_packages":null,"local_timestamp":1554661617308,"log_dependency":null,"log_other":null,"log_system_info":null,"metric":null,"offset":43,"os_packages":null,"param":{"paramName":"train_subset","paramValue":null,"step":null},"params":null,"stderr":null,"stdout":null},"type":"ws_msg"}
{"payload":{"code":null,"context":null,"env_details":null,"fileName":null,"git_meta":null,"gpu_static_info":null,"graph":null,"html":null,"htmlOverride":null,"installed_packages":null,"local_timestamp":1554661617308,"log_dependency":null,"log_other":null,"log_system_info":null,"metric":null,"offset":44,"os_packages":null,"param":{"paramName":"unlabelled","paramValue":true,"step":null},"params":null,"stderr":null,"stdout":null},"type":"ws_msg"}
{"payload":{"code":null,"context":null,"env_details":null,"fileName":null,"git_meta":null,"gpu_static_info":null,"graph":null,"html":null,"htmlOverride":null,"installed_packages":null,"local_timestamp":1554661617308,"log_dependency":null,"log_other":null,"log_system_info":null,"metric":null,"offset":45,"os_packages":null,"param":{"paramName":"valid_split","paramValue":"valid","step":null},"params":null,"stderr":null,"stdout":null},"type":"ws_msg"}
{"payload":{"code":null,"context":null,"env_details":null,"fileName":null,"git_meta":null,"gpu_static_info":null,"graph":null,"html":null,"htmlOverride":null,"installed_packages":null,"local_timestamp":1554661617308,"log_dependency":null,"log_other":null,"log_system_info":null,"metric":null,"offset":46,"os_packages":null,"param":{"paramName":"z1dim","paramValue":64,"step":null},"params":null,"stderr":null,"stdout":null},"type":"ws_msg"}
{"payload":{"code":null,"context":null,"env_details":null,"fileName":null,"git_meta":null,"gpu_static_info":null,"graph":null,"html":null,"htmlOverride":null,"installed_packages":null,"local_timestamp":1554661617421,"log_dependency":null,"log_other":null,"log_system_info":null,"metric":null,"offset":47,"os_packages":null,"param":null,"params":null,"stderr":false,"stdout":"Shape of training set:  (152228, 3, 32, 32)\nShape of validation set:  "},"type":"ws_msg"}
{"payload":{"code":null,"context":null,"env_details":null,"fileName":null,"git_meta":null,"gpu_static_info":null,"graph":null,"html":null,"htmlOverride":null,"installed_packages":null,"local_timestamp":1554661617421,"log_dependency":null,"log_other":null,"log_system_info":null,"metric":null,"offset":48,"os_packages":null,"param":null,"params":null,"stderr":false,"stdout":"(252, 3, 32, 32)\nmkdir  ADAM/images_hali\nmkdir  ADAM/models_hali\n"},"type":"ws_msg"}
{"payload":{"code":null,"context":null,"env_details":null,"fileName":null,"git_meta":null,"gpu_static_info":null,"graph":null,"html":null,"htmlOverride":null,"installed_packages":null,"local_timestamp":1554661617494,"log_dependency":null,"log_other":null,"log_system_info":null,"metric":null,"offset":49,"os_packages":null,"param":null,"params":null,"stderr":true,"stdout":"Traceback (most recent call last):\n  File \"ali_train.py\", line 151, in <module>\n"},"type":"ws_msg"}
{"payload":{"code":null,"context":null,"env_details":null,"fileName":null,"git_meta":null,"gpu_static_info":null,"graph":null,"html":null,"htmlOverride":null,"installed_packages":null,"local_timestamp":1554661617494,"log_dependency":null,"log_other":null,"log_system_info":null,"metric":null,"offset":50,"os_packages":null,"param":null,"params":null,"stderr":true,"stdout":"    experiment, encode, cluster, path_to_model=path_to_model)\n  File \"ali_train.py\", line 54, in main\n    Gx1,Gx2,Gz1,Gz2,Disc,z_pred1,z_pred2,optim_g,optim_d,train_loader,cuda =  initialize_hali(configs,train)\n  File \"/home/onu/Dev/ift6759/horoma/ift6759-horoma/utils/ali_utils.py\", line 294, in initialize_hali\n    Gx1.load_state_dict(torch.load(MODEL_PATH+'/Gx1-'+str(configs['continue_from'])+'.pth')) \n  File \"/home/onu/miniconda3/lib/python3.7/site-packages/torch/serialization.py\", line 366, in load\n    f = open(f, 'rb')\nFileNotFoundError: [Errno 2] No such file or directory: 'ADAM/models_hali/Gx1-22.pth'\n"},"type":"ws_msg"}
